0 verbose cli /usr/local/bin/node /usr/local/bin/npm
1 info using npm@11.6.1
2 info using node@v24.11.0
3 silly config load:file:/usr/local/lib/node_modules/npm/npmrc
4 silly config load:file:/Users/harelamarilio/Desktop/Skills/Special-Project/.npmrc
5 silly config load:file:/Users/harelamarilio/.npmrc
6 silly config load:file:/usr/local/etc/npmrc
7 verbose title npm install
8 verbose argv "install" "--cache" ".npm-cache"
9 verbose logfile logs-max:10 dir:/Users/harelamarilio/Desktop/Skills/Special-Project/.npm-cache/_logs/2026-03-30T14_40_38_961Z-
10 verbose logfile /Users/harelamarilio/Desktop/Skills/Special-Project/.npm-cache/_logs/2026-03-30T14_40_38_961Z-debug-0.log
11 silly logfile done cleaning log files
12 silly packumentCache heap:2348810240 maxSize:587202560 maxEntrySize:293601280
13 silly idealTree buildDeps
14 silly fetch manifest react@^19.1.1
15 silly packumentCache full:https://registry.npmjs.org/react cache-miss
16 http fetch GET 200 https://registry.npmjs.org/react 785ms (cache miss)
17 silly packumentCache full:https://registry.npmjs.org/react set size:undefined disposed:false
18 silly fetch manifest react-dom@^19.1.1
19 silly packumentCache full:https://registry.npmjs.org/react-dom cache-miss
20 http fetch GET 200 https://registry.npmjs.org/react-dom 1142ms (cache miss)
21 silly packumentCache full:https://registry.npmjs.org/react-dom set size:undefined disposed:false
22 silly fetch manifest @vitejs/plugin-react@^4.7.0
23 silly packumentCache full:https://registry.npmjs.org/@vitejs%2fplugin-react cache-miss
24 http fetch GET 200 https://registry.npmjs.org/@vitejs%2fplugin-react 188ms (cache miss)
25 silly packumentCache full:https://registry.npmjs.org/@vitejs%2fplugin-react set size:undefined disposed:false
26 silly fetch manifest vite@^7.1.5
27 silly packumentCache full:https://registry.npmjs.org/vite cache-miss
28 http fetch GET 200 https://registry.npmjs.org/vite 3796ms (cache miss)
29 silly packumentCache full:https://registry.npmjs.org/vite set size:undefined disposed:false
30 silly fetch manifest @types/node@^20.19.0 || >=22.12.0
31 silly packumentCache full:https://registry.npmjs.org/@types%2fnode cache-miss
32 http fetch GET 200 https://registry.npmjs.org/@types%2fnode 1414ms (cache miss)
33 silly packumentCache full:https://registry.npmjs.org/@types%2fnode set size:undefined disposed:false
34 silly fetch manifest jiti@>=1.21.0
35 silly packumentCache full:https://registry.npmjs.org/jiti cache-miss
36 http fetch GET 200 https://registry.npmjs.org/jiti 132ms (cache miss)
37 silly packumentCache full:https://registry.npmjs.org/jiti set size:undefined disposed:false
38 silly fetch manifest less@^4.0.0
39 silly packumentCache full:https://registry.npmjs.org/less cache-miss
40 http fetch GET 200 https://registry.npmjs.org/less 181ms (cache miss)
41 silly packumentCache full:https://registry.npmjs.org/less set size:undefined disposed:false
42 silly fetch manifest lightningcss@^1.21.0
43 silly packumentCache full:https://registry.npmjs.org/lightningcss cache-miss
44 http fetch GET 200 https://registry.npmjs.org/lightningcss 77ms (cache miss)
45 silly packumentCache full:https://registry.npmjs.org/lightningcss set size:undefined disposed:false
46 silly fetch manifest sass@^1.70.0
47 silly packumentCache full:https://registry.npmjs.org/sass cache-miss
48 http fetch GET 200 https://registry.npmjs.org/sass 381ms (cache miss)
49 silly packumentCache full:https://registry.npmjs.org/sass set size:undefined disposed:false
50 silly fetch manifest sass-embedded@^1.70.0
51 silly packumentCache full:https://registry.npmjs.org/sass-embedded cache-miss
52 http fetch GET 200 https://registry.npmjs.org/sass-embedded 155ms (cache miss)
53 silly packumentCache full:https://registry.npmjs.org/sass-embedded set size:undefined disposed:false
54 silly fetch manifest stylus@>=0.54.8
55 silly packumentCache full:https://registry.npmjs.org/stylus cache-miss
56 http fetch GET 200 https://registry.npmjs.org/stylus 141ms (cache miss)
57 silly packumentCache full:https://registry.npmjs.org/stylus set size:undefined disposed:false
58 silly fetch manifest sugarss@^5.0.0
59 silly packumentCache full:https://registry.npmjs.org/sugarss cache-miss
60 http fetch GET 200 https://registry.npmjs.org/sugarss 78ms (cache miss)
61 silly packumentCache full:https://registry.npmjs.org/sugarss set size:undefined disposed:false
62 silly fetch manifest postcss@^8.3.3
63 silly packumentCache full:https://registry.npmjs.org/postcss cache-miss
64 http fetch GET 200 https://registry.npmjs.org/postcss 170ms (cache miss)
65 silly packumentCache full:https://registry.npmjs.org/postcss set size:undefined disposed:false
66 silly fetch manifest terser@^5.16.0
67 silly packumentCache full:https://registry.npmjs.org/terser cache-miss
68 http fetch GET 200 https://registry.npmjs.org/terser 166ms (cache miss)
69 silly packumentCache full:https://registry.npmjs.org/terser set size:undefined disposed:false
70 silly fetch manifest tsx@^4.8.1
71 silly packumentCache full:https://registry.npmjs.org/tsx cache-miss
72 http fetch GET 200 https://registry.npmjs.org/tsx 130ms (cache miss)
73 silly packumentCache full:https://registry.npmjs.org/tsx set size:undefined disposed:false
74 silly fetch manifest yaml@^2.4.2
75 silly packumentCache full:https://registry.npmjs.org/yaml cache-miss
76 http fetch GET 200 https://registry.npmjs.org/yaml 108ms (cache miss)
77 silly packumentCache full:https://registry.npmjs.org/yaml set size:undefined disposed:false
78 silly placeDep ROOT @vitejs/plugin-react@4.7.0 OK for: nini-eyebrows-react@1.0.0 want: ^4.7.0
79 silly placeDep ROOT vite@7.3.1 OK for: @vitejs/plugin-react@4.7.0 want: ^4.2.0 || ^5.0.0 || ^6.0.0 || ^7.0.0
80 silly placeDep ROOT react@19.2.4 OK for: nini-eyebrows-react@1.0.0 want: ^19.1.1
81 silly placeDep ROOT react-dom@19.2.4 OK for: nini-eyebrows-react@1.0.0 want: ^19.1.1
82 silly fetch manifest @babel/core@^7.28.0
83 silly packumentCache full:https://registry.npmjs.org/@babel%2fcore cache-miss
84 silly fetch manifest react-refresh@^0.17.0
85 silly packumentCache full:https://registry.npmjs.org/react-refresh cache-miss
86 silly fetch manifest @types/babel__core@^7.20.5
87 silly packumentCache full:https://registry.npmjs.org/@types%2fbabel__core cache-miss
88 silly fetch manifest @rolldown/pluginutils@1.0.0-beta.27
89 silly packumentCache full:https://registry.npmjs.org/@rolldown%2fpluginutils cache-miss
90 silly fetch manifest @babel/plugin-transform-react-jsx-self@^7.27.1
91 silly packumentCache full:https://registry.npmjs.org/@babel%2fplugin-transform-react-jsx-self cache-miss
92 silly fetch manifest @babel/plugin-transform-react-jsx-source@^7.27.1
93 silly packumentCache full:https://registry.npmjs.org/@babel%2fplugin-transform-react-jsx-source cache-miss
94 silly fetch manifest fdir@^6.5.0
95 silly packumentCache full:https://registry.npmjs.org/fdir cache-miss
96 http fetch GET 200 https://registry.npmjs.org/@babel%2fcore 180ms (cache miss)
97 silly packumentCache full:https://registry.npmjs.org/@babel%2fcore set size:undefined disposed:false
98 silly fetch manifest rollup@^4.43.0
99 silly packumentCache full:https://registry.npmjs.org/rollup cache-miss
100 http fetch GET 200 https://registry.npmjs.org/fdir 265ms (cache miss)
101 silly packumentCache full:https://registry.npmjs.org/fdir set size:undefined disposed:false
102 silly fetch manifest esbuild@^0.27.0
103 silly packumentCache full:https://registry.npmjs.org/esbuild cache-miss
104 http fetch GET 200 https://registry.npmjs.org/@babel%2fplugin-transform-react-jsx-source 284ms (cache miss)
105 silly packumentCache full:https://registry.npmjs.org/@babel%2fplugin-transform-react-jsx-source set size:undefined disposed:false
106 silly fetch manifest postcss@^8.5.6
107 silly packumentCache full:https://registry.npmjs.org/postcss cache-miss
108 http cache https://registry.npmjs.org/postcss 12ms (cache hit)
109 silly packumentCache full:https://registry.npmjs.org/postcss set size:702266 disposed:false
110 silly fetch manifest picomatch@^4.0.3
111 silly packumentCache full:https://registry.npmjs.org/picomatch cache-miss
112 http fetch GET 200 https://registry.npmjs.org/@rolldown%2fpluginutils 338ms (cache miss)
113 silly packumentCache full:https://registry.npmjs.org/@rolldown%2fpluginutils set size:undefined disposed:false
114 silly fetch manifest tinyglobby@^0.2.15
115 silly packumentCache full:https://registry.npmjs.org/tinyglobby cache-miss
116 http fetch GET 200 https://registry.npmjs.org/@babel%2fplugin-transform-react-jsx-self 341ms (cache miss)
117 silly packumentCache full:https://registry.npmjs.org/@babel%2fplugin-transform-react-jsx-self set size:undefined disposed:false
118 silly fetch manifest fsevents@~2.3.3
119 silly packumentCache full:https://registry.npmjs.org/fsevents cache-miss
120 http fetch GET 200 https://registry.npmjs.org/@types%2fbabel__core 348ms (cache miss)
121 silly packumentCache full:https://registry.npmjs.org/@types%2fbabel__core set size:undefined disposed:false
122 silly fetch manifest scheduler@^0.27.0
123 silly packumentCache full:https://registry.npmjs.org/scheduler cache-miss
124 http fetch GET 200 https://registry.npmjs.org/picomatch 119ms (cache miss)
125 silly packumentCache full:https://registry.npmjs.org/picomatch set size:undefined disposed:false
126 http fetch GET 200 https://registry.npmjs.org/tinyglobby 135ms (cache miss)
127 silly packumentCache full:https://registry.npmjs.org/tinyglobby set size:undefined disposed:false
128 http fetch GET 200 https://registry.npmjs.org/fsevents 221ms (cache miss)
129 silly packumentCache full:https://registry.npmjs.org/fsevents set size:undefined disposed:false
130 http fetch GET 200 https://registry.npmjs.org/rollup 1559ms (cache miss)
131 silly packumentCache full:https://registry.npmjs.org/rollup set size:undefined disposed:false
132 http fetch GET 200 https://registry.npmjs.org/esbuild 1536ms (cache miss)
133 silly packumentCache full:https://registry.npmjs.org/esbuild set size:undefined disposed:false
134 http fetch GET 200 https://registry.npmjs.org/react-refresh 2566ms (cache miss)
135 silly packumentCache full:https://registry.npmjs.org/react-refresh set size:undefined disposed:false
136 http fetch GET 200 https://registry.npmjs.org/scheduler 4203ms (cache miss)
137 silly packumentCache full:https://registry.npmjs.org/scheduler set size:undefined disposed:false
138 silly placeDep ROOT @babel/core@7.29.0 OK for: @vitejs/plugin-react@4.7.0 want: ^7.28.0
139 silly placeDep ROOT @babel/plugin-transform-react-jsx-self@7.27.1 OK for: @vitejs/plugin-react@4.7.0 want: ^7.27.1
140 silly placeDep ROOT @babel/plugin-transform-react-jsx-source@7.27.1 OK for: @vitejs/plugin-react@4.7.0 want: ^7.27.1
141 silly placeDep ROOT @rolldown/pluginutils@1.0.0-beta.27 OK for: @vitejs/plugin-react@4.7.0 want: 1.0.0-beta.27
142 silly placeDep ROOT @types/babel__core@7.20.5 OK for: @vitejs/plugin-react@4.7.0 want: ^7.20.5
143 silly placeDep ROOT react-refresh@0.17.0 OK for: @vitejs/plugin-react@4.7.0 want: ^0.17.0
144 silly fetch manifest debug@^4.1.0
145 silly packumentCache full:https://registry.npmjs.org/debug cache-miss
146 silly fetch manifest json5@^2.2.3
147 silly packumentCache full:https://registry.npmjs.org/json5 cache-miss
148 silly fetch manifest semver@^6.3.1
149 silly packumentCache full:https://registry.npmjs.org/semver cache-miss
150 silly fetch manifest gensync@^1.0.0-beta.2
151 silly packumentCache full:https://registry.npmjs.org/gensync cache-miss
152 silly fetch manifest @babel/types@^7.29.0
153 silly packumentCache full:https://registry.npmjs.org/@babel%2ftypes cache-miss
154 silly fetch manifest @babel/parser@^7.29.0
155 silly packumentCache full:https://registry.npmjs.org/@babel%2fparser cache-miss
156 silly fetch manifest @babel/helpers@^7.28.6
157 silly packumentCache full:https://registry.npmjs.org/@babel%2fhelpers cache-miss
158 http fetch GET 200 https://registry.npmjs.org/json5 153ms (cache miss)
159 silly packumentCache full:https://registry.npmjs.org/json5 set size:undefined disposed:false
160 silly fetch manifest @babel/template@^7.28.6
161 silly packumentCache full:https://registry.npmjs.org/@babel%2ftemplate cache-miss
162 http fetch GET 200 https://registry.npmjs.org/debug 167ms (cache miss)
163 silly packumentCache full:https://registry.npmjs.org/debug set size:undefined disposed:false
164 silly fetch manifest @babel/traverse@^7.29.0
165 silly packumentCache full:https://registry.npmjs.org/@babel%2ftraverse cache-miss
166 http fetch GET 200 https://registry.npmjs.org/semver 173ms (cache miss)
167 silly packumentCache full:https://registry.npmjs.org/semver set size:undefined disposed:false
168 silly fetch manifest @babel/generator@^7.29.0
169 silly packumentCache full:https://registry.npmjs.org/@babel%2fgenerator cache-miss
170 http fetch GET 200 https://registry.npmjs.org/gensync 176ms (cache miss)
171 silly packumentCache full:https://registry.npmjs.org/gensync set size:undefined disposed:false
172 silly fetch manifest @babel/code-frame@^7.29.0
173 silly packumentCache full:https://registry.npmjs.org/@babel%2fcode-frame cache-miss
174 http fetch GET 200 https://registry.npmjs.org/@babel%2ftemplate 77ms (cache miss)
175 silly packumentCache full:https://registry.npmjs.org/@babel%2ftemplate set size:undefined disposed:false
176 silly fetch manifest convert-source-map@^2.0.0
177 silly packumentCache full:https://registry.npmjs.org/convert-source-map cache-miss
178 http fetch GET 200 https://registry.npmjs.org/@babel%2fcode-frame 191ms (cache miss)
179 silly packumentCache full:https://registry.npmjs.org/@babel%2fcode-frame set size:undefined disposed:false
180 silly fetch manifest @jridgewell/remapping@^2.3.5
181 silly packumentCache full:https://registry.npmjs.org/@jridgewell%2fremapping cache-miss
182 http fetch GET 200 https://registry.npmjs.org/@babel%2fhelpers 371ms (cache miss)
183 silly packumentCache full:https://registry.npmjs.org/@babel%2fhelpers set size:undefined disposed:false
184 silly fetch manifest @babel/helper-module-transforms@^7.28.6
185 silly packumentCache full:https://registry.npmjs.org/@babel%2fhelper-module-transforms cache-miss
186 http fetch GET 200 https://registry.npmjs.org/@babel%2ftraverse 207ms (cache miss)
187 silly packumentCache full:https://registry.npmjs.org/@babel%2ftraverse set size:undefined disposed:false
188 silly fetch manifest @babel/helper-compilation-targets@^7.28.6
189 silly packumentCache full:https://registry.npmjs.org/@babel%2fhelper-compilation-targets cache-miss
190 http fetch GET 200 https://registry.npmjs.org/convert-source-map 146ms (cache miss)
191 silly packumentCache full:https://registry.npmjs.org/convert-source-map set size:undefined disposed:false
192 silly fetch manifest @babel/helper-plugin-utils@^7.27.1
193 silly packumentCache full:https://registry.npmjs.org/@babel%2fhelper-plugin-utils cache-miss
194 http fetch GET 200 https://registry.npmjs.org/@babel%2ftypes 758ms (cache miss)
195 silly packumentCache full:https://registry.npmjs.org/@babel%2ftypes set size:undefined disposed:false
196 silly fetch manifest @babel/helper-plugin-utils@^7.27.1
197 silly packumentCache full:https://registry.npmjs.org/@babel%2fhelper-plugin-utils cache-miss
198 http fetch GET 200 https://registry.npmjs.org/@jridgewell%2fremapping 401ms (cache miss)
199 silly packumentCache full:https://registry.npmjs.org/@jridgewell%2fremapping set size:undefined disposed:false
200 silly fetch manifest @babel/types@^7.20.7
201 silly packumentCache full:https://registry.npmjs.org/@babel%2ftypes cache-miss
202 http cache https://registry.npmjs.org/@babel%2ftypes 6ms (cache hit)
203 silly packumentCache full:https://registry.npmjs.org/@babel%2ftypes set size:487885 disposed:false
204 silly fetch manifest @babel/parser@^7.20.7
205 silly packumentCache full:https://registry.npmjs.org/@babel%2fparser cache-miss
206 http fetch GET 200 https://registry.npmjs.org/@babel%2fhelper-plugin-utils 598ms (cache miss)
207 silly packumentCache full:https://registry.npmjs.org/@babel%2fhelper-plugin-utils set size:undefined disposed:false
208 silly fetch manifest @types/babel__template@*
209 silly packumentCache full:https://registry.npmjs.org/@types%2fbabel__template cache-miss
210 http fetch GET 200 https://registry.npmjs.org/@babel%2fhelper-module-transforms 632ms (cache miss)
211 silly packumentCache full:https://registry.npmjs.org/@babel%2fhelper-module-transforms set size:undefined disposed:false
212 silly fetch manifest @types/babel__traverse@*
213 silly packumentCache full:https://registry.npmjs.org/@types%2fbabel__traverse cache-miss
214 http fetch GET 200 https://registry.npmjs.org/@babel%2fparser 1147ms (cache miss)
215 silly packumentCache full:https://registry.npmjs.org/@babel%2fparser set size:undefined disposed:false
216 silly fetch manifest @types/babel__generator@*
217 silly packumentCache full:https://registry.npmjs.org/@types%2fbabel__generator cache-miss
218 http fetch GET 200 https://registry.npmjs.org/@babel%2fhelper-plugin-utils 504ms (cache miss)
219 silly packumentCache full:https://registry.npmjs.org/@babel%2fhelper-plugin-utils set size:undefined disposed:false
220 http fetch GET 200 https://registry.npmjs.org/@babel%2fgenerator 1114ms (cache miss)
221 silly packumentCache full:https://registry.npmjs.org/@babel%2fgenerator set size:undefined disposed:false
222 http fetch GET 200 https://registry.npmjs.org/@types%2fbabel__template 343ms (cache miss)
223 silly packumentCache full:https://registry.npmjs.org/@types%2fbabel__template set size:undefined disposed:false
224 http fetch GET 200 https://registry.npmjs.org/@types%2fbabel__traverse 326ms (cache miss)
225 silly packumentCache full:https://registry.npmjs.org/@types%2fbabel__traverse set size:undefined disposed:false
226 http fetch GET 200 https://registry.npmjs.org/@babel%2fhelper-compilation-targets 958ms (cache miss)
227 silly packumentCache full:https://registry.npmjs.org/@babel%2fhelper-compilation-targets set size:undefined disposed:false
228 http fetch GET 200 https://registry.npmjs.org/@types%2fbabel__generator 293ms (cache miss)
229 silly packumentCache full:https://registry.npmjs.org/@types%2fbabel__generator set size:undefined disposed:false
230 http fetch GET 200 https://registry.npmjs.org/@babel%2fparser 736ms (cache miss)
231 silly packumentCache full:https://registry.npmjs.org/@babel%2fparser set size:undefined disposed:false
232 silly fetch manifest @babel/core@^7.0.0
233 silly packumentCache full:https://registry.npmjs.org/@babel%2fcore cache-miss
234 http cache https://registry.npmjs.org/@babel%2fcore 6ms (cache hit)
235 silly packumentCache full:https://registry.npmjs.org/@babel%2fcore set size:760113 disposed:false
236 silly placeDep ROOT @babel/code-frame@7.29.0 OK for: @babel/core@7.29.0 want: ^7.29.0
237 silly placeDep ROOT @babel/generator@7.29.1 OK for: @babel/core@7.29.0 want: ^7.29.0
238 silly placeDep ROOT @babel/helper-compilation-targets@7.28.6 OK for: @babel/core@7.29.0 want: ^7.28.6
239 silly placeDep ROOT @babel/helper-module-transforms@7.28.6 OK for: @babel/core@7.29.0 want: ^7.28.6
240 silly placeDep ROOT @babel/helpers@7.29.2 OK for: @babel/core@7.29.0 want: ^7.28.6
241 silly placeDep ROOT @babel/parser@7.29.2 OK for: @babel/core@7.29.0 want: ^7.29.0
242 silly placeDep ROOT @babel/template@7.28.6 OK for: @babel/core@7.29.0 want: ^7.28.6
243 silly placeDep ROOT @babel/traverse@7.29.0 OK for: @babel/core@7.29.0 want: ^7.29.0
244 silly placeDep ROOT @babel/types@7.29.0 OK for: @babel/core@7.29.0 want: ^7.29.0
245 silly placeDep ROOT @jridgewell/remapping@2.3.5 OK for: @babel/core@7.29.0 want: ^2.3.5
246 silly placeDep ROOT convert-source-map@2.0.0 OK for: @babel/core@7.29.0 want: ^2.0.0
247 silly placeDep ROOT debug@4.4.3 OK for: @babel/core@7.29.0 want: ^4.1.0
248 silly placeDep ROOT gensync@1.0.0-beta.2 OK for: @babel/core@7.29.0 want: ^1.0.0-beta.2
249 silly placeDep ROOT json5@2.2.3 OK for: @babel/core@7.29.0 want: ^2.2.3
250 silly placeDep ROOT semver@6.3.1 OK for: @babel/core@7.29.0 want: ^6.3.1
251 silly fetch manifest js-tokens@^4.0.0
252 silly packumentCache full:https://registry.npmjs.org/js-tokens cache-miss
253 silly fetch manifest picocolors@^1.1.1
254 silly packumentCache full:https://registry.npmjs.org/picocolors cache-miss
255 silly fetch manifest @babel/helper-validator-identifier@^7.28.5
256 silly packumentCache full:https://registry.npmjs.org/@babel%2fhelper-validator-identifier cache-miss
257 silly fetch manifest jsesc@^3.0.2
258 silly packumentCache full:https://registry.npmjs.org/jsesc cache-miss
259 silly fetch manifest @jridgewell/gen-mapping@^0.3.12
260 silly packumentCache full:https://registry.npmjs.org/@jridgewell%2fgen-mapping cache-miss
261 silly fetch manifest @jridgewell/trace-mapping@^0.3.28
262 silly packumentCache full:https://registry.npmjs.org/@jridgewell%2ftrace-mapping cache-miss
263 silly fetch manifest lru-cache@^5.1.1
264 silly packumentCache full:https://registry.npmjs.org/lru-cache cache-miss
265 http fetch GET 200 https://registry.npmjs.org/picocolors 66ms (cache miss)
266 silly packumentCache full:https://registry.npmjs.org/picocolors set size:undefined disposed:false
267 silly fetch manifest browserslist@^4.24.0
268 silly packumentCache full:https://registry.npmjs.org/browserslist cache-miss
269 http fetch GET 200 https://registry.npmjs.org/jsesc 156ms (cache miss)
270 silly packumentCache full:https://registry.npmjs.org/jsesc set size:undefined disposed:false
271 silly fetch manifest @babel/compat-data@^7.28.6
272 silly packumentCache full:https://registry.npmjs.org/@babel%2fcompat-data cache-miss
273 http fetch GET 200 https://registry.npmjs.org/@babel%2fhelper-validator-identifier 160ms (cache miss)
274 silly packumentCache full:https://registry.npmjs.org/@babel%2fhelper-validator-identifier set size:undefined disposed:false
275 silly fetch manifest @babel/helper-validator-option@^7.27.1
276 silly packumentCache full:https://registry.npmjs.org/@babel%2fhelper-validator-option cache-miss
277 http fetch GET 200 https://registry.npmjs.org/@jridgewell%2fgen-mapping 194ms (cache miss)
278 silly packumentCache full:https://registry.npmjs.org/@jridgewell%2fgen-mapping set size:undefined disposed:false
279 silly fetch manifest @babel/traverse@^7.28.6
280 silly packumentCache full:https://registry.npmjs.org/@babel%2ftraverse cache-miss
281 http cache https://registry.npmjs.org/@babel%2ftraverse 5ms (cache hit)
282 silly packumentCache full:https://registry.npmjs.org/@babel%2ftraverse set size:548722 disposed:false
283 silly fetch manifest @babel/helper-module-imports@^7.28.6
284 silly packumentCache full:https://registry.npmjs.org/@babel%2fhelper-module-imports cache-miss
285 http fetch GET 200 https://registry.npmjs.org/@jridgewell%2ftrace-mapping 206ms (cache miss)
286 silly packumentCache full:https://registry.npmjs.org/@jridgewell%2ftrace-mapping set size:undefined disposed:false
287 silly fetch manifest @babel/types@^7.28.6
288 silly packumentCache full:https://registry.npmjs.org/@babel%2ftypes cache-hit
289 silly fetch manifest debug@^4.3.1
290 silly packumentCache full:https://registry.npmjs.org/debug cache-miss
291 http cache https://registry.npmjs.org/debug 3ms (cache hit)
292 silly packumentCache full:https://registry.npmjs.org/debug set size:195840 disposed:false
293 silly fetch manifest @babel/helper-globals@^7.28.0
294 silly packumentCache full:https://registry.npmjs.org/@babel%2fhelper-globals cache-miss
295 http fetch GET 200 https://registry.npmjs.org/lru-cache 235ms (cache miss)
296 silly packumentCache full:https://registry.npmjs.org/lru-cache set size:undefined disposed:false
297 silly fetch manifest @babel/helper-string-parser@^7.27.1
298 silly packumentCache full:https://registry.npmjs.org/@babel%2fhelper-string-parser cache-miss
299 http fetch GET 200 https://registry.npmjs.org/js-tokens 247ms (cache miss)
300 silly packumentCache full:https://registry.npmjs.org/js-tokens set size:undefined disposed:false
301 silly fetch manifest @jridgewell/gen-mapping@^0.3.5
302 silly packumentCache full:https://registry.npmjs.org/@jridgewell%2fgen-mapping cache-miss
303 http fetch GET 200 https://registry.npmjs.org/@babel%2fhelper-validator-option 87ms (cache miss)
304 silly packumentCache full:https://registry.npmjs.org/@babel%2fhelper-validator-option set size:undefined disposed:false
305 silly fetch manifest @jridgewell/trace-mapping@^0.3.24
306 silly packumentCache full:https://registry.npmjs.org/@jridgewell%2ftrace-mapping cache-miss
307 http cache https://registry.npmjs.org/@jridgewell%2fgen-mapping 4ms (cache hit)
308 silly packumentCache full:https://registry.npmjs.org/@jridgewell%2fgen-mapping set size:80719 disposed:false
309 silly fetch manifest ms@^2.1.3
310 silly packumentCache full:https://registry.npmjs.org/ms cache-miss
311 http cache https://registry.npmjs.org/@jridgewell%2ftrace-mapping 5ms (cache hit)
312 silly packumentCache full:https://registry.npmjs.org/@jridgewell%2ftrace-mapping set size:170909 disposed:false
313 http fetch GET 200 https://registry.npmjs.org/@babel%2fcompat-data 118ms (cache miss)
314 silly packumentCache full:https://registry.npmjs.org/@babel%2fcompat-data set size:undefined disposed:false
315 http fetch GET 200 https://registry.npmjs.org/browserslist 224ms (cache miss)
316 silly packumentCache full:https://registry.npmjs.org/browserslist set size:undefined disposed:false
317 http fetch GET 200 https://registry.npmjs.org/@babel%2fhelper-globals 86ms (cache miss)
318 silly packumentCache full:https://registry.npmjs.org/@babel%2fhelper-globals set size:undefined disposed:false
319 http fetch GET 200 https://registry.npmjs.org/@babel%2fhelper-string-parser 81ms (cache miss)
320 silly packumentCache full:https://registry.npmjs.org/@babel%2fhelper-string-parser set size:undefined disposed:false
321 http fetch GET 200 https://registry.npmjs.org/ms 92ms (cache miss)
322 silly packumentCache full:https://registry.npmjs.org/ms set size:undefined disposed:false
323 http fetch GET 200 https://registry.npmjs.org/@babel%2fhelper-module-imports 439ms (cache miss)
324 silly packumentCache full:https://registry.npmjs.org/@babel%2fhelper-module-imports set size:undefined disposed:false
325 silly placeDep ROOT @babel/helper-validator-identifier@7.28.5 OK for: @babel/code-frame@7.29.0 want: ^7.28.5
326 silly placeDep ROOT js-tokens@4.0.0 OK for: @babel/code-frame@7.29.0 want: ^4.0.0
327 silly placeDep ROOT picocolors@1.1.1 OK for: @babel/code-frame@7.29.0 want: ^1.1.1
328 silly placeDep ROOT @jridgewell/gen-mapping@0.3.13 OK for: @babel/generator@7.29.1 want: ^0.3.12
329 silly placeDep ROOT @jridgewell/trace-mapping@0.3.31 OK for: @babel/generator@7.29.1 want: ^0.3.28
330 silly placeDep ROOT jsesc@3.1.0 OK for: @babel/generator@7.29.1 want: ^3.0.2
331 silly fetch manifest @jridgewell/sourcemap-codec@^1.5.0
332 silly packumentCache full:https://registry.npmjs.org/@jridgewell%2fsourcemap-codec cache-miss
333 silly fetch manifest @jridgewell/resolve-uri@^3.1.0
334 silly packumentCache full:https://registry.npmjs.org/@jridgewell%2fresolve-uri cache-miss
335 silly fetch manifest @jridgewell/sourcemap-codec@^1.4.14
336 silly packumentCache full:https://registry.npmjs.org/@jridgewell%2fsourcemap-codec cache-miss
337 http fetch GET 200 https://registry.npmjs.org/@jridgewell%2fsourcemap-codec 82ms (cache miss)
338 silly packumentCache full:https://registry.npmjs.org/@jridgewell%2fsourcemap-codec set size:undefined disposed:false
339 http fetch GET 200 https://registry.npmjs.org/@jridgewell%2fresolve-uri 95ms (cache miss)
340 silly packumentCache full:https://registry.npmjs.org/@jridgewell%2fresolve-uri set size:undefined disposed:false
341 http fetch GET 200 https://registry.npmjs.org/@jridgewell%2fsourcemap-codec 193ms (cache miss)
342 silly packumentCache full:https://registry.npmjs.org/@jridgewell%2fsourcemap-codec set size:undefined disposed:false
343 silly placeDep ROOT @babel/compat-data@7.29.0 OK for: @babel/helper-compilation-targets@7.28.6 want: ^7.28.6
344 silly placeDep ROOT @babel/helper-validator-option@7.27.1 OK for: @babel/helper-compilation-targets@7.28.6 want: ^7.27.1
345 silly placeDep ROOT browserslist@4.28.1 OK for: @babel/helper-compilation-targets@7.28.6 want: ^4.24.0
346 silly placeDep ROOT lru-cache@5.1.1 OK for: @babel/helper-compilation-targets@7.28.6 want: ^5.1.1
347 silly fetch manifest baseline-browser-mapping@^2.9.0
348 silly packumentCache full:https://registry.npmjs.org/baseline-browser-mapping cache-miss
349 silly fetch manifest caniuse-lite@^1.0.30001759
350 silly packumentCache full:https://registry.npmjs.org/caniuse-lite cache-miss
351 silly fetch manifest electron-to-chromium@^1.5.263
352 silly packumentCache full:https://registry.npmjs.org/electron-to-chromium cache-miss
353 silly fetch manifest node-releases@^2.0.27
354 silly packumentCache full:https://registry.npmjs.org/node-releases cache-miss
355 silly fetch manifest update-browserslist-db@^1.2.0
356 silly packumentCache full:https://registry.npmjs.org/update-browserslist-db cache-miss
357 silly fetch manifest yallist@^3.0.2
358 silly packumentCache full:https://registry.npmjs.org/yallist cache-miss
359 http fetch GET 200 https://registry.npmjs.org/yallist 81ms (cache miss)
360 silly packumentCache full:https://registry.npmjs.org/yallist set size:undefined disposed:false
361 http fetch GET 200 https://registry.npmjs.org/baseline-browser-mapping 188ms (cache miss)
362 silly packumentCache full:https://registry.npmjs.org/baseline-browser-mapping set size:undefined disposed:false
363 http fetch GET 200 https://registry.npmjs.org/node-releases 364ms (cache miss)
364 silly packumentCache full:https://registry.npmjs.org/node-releases set size:undefined disposed:false
365 http fetch GET 200 https://registry.npmjs.org/update-browserslist-db 381ms (cache miss)
366 silly packumentCache full:https://registry.npmjs.org/update-browserslist-db set size:undefined disposed:false
367 http fetch GET 200 https://registry.npmjs.org/caniuse-lite 864ms (cache miss)
368 silly packumentCache full:https://registry.npmjs.org/caniuse-lite set size:undefined disposed:false
369 http fetch GET 200 https://registry.npmjs.org/electron-to-chromium 2843ms (cache miss)
370 silly packumentCache full:https://registry.npmjs.org/electron-to-chromium set size:undefined disposed:false
371 silly placeDep ROOT @babel/helper-module-imports@7.28.6 OK for: @babel/helper-module-transforms@7.28.6 want: ^7.28.6
372 silly placeDep ROOT @babel/helper-plugin-utils@7.28.6 OK for: @babel/plugin-transform-react-jsx-self@7.27.1 want: ^7.27.1
373 silly placeDep ROOT @babel/helper-globals@7.28.0 OK for: @babel/traverse@7.29.0 want: ^7.28.0
374 silly placeDep ROOT @babel/helper-string-parser@7.27.1 OK for: @babel/types@7.29.0 want: ^7.27.1
375 silly placeDep ROOT @jridgewell/sourcemap-codec@1.5.5 OK for: @jridgewell/gen-mapping@0.3.13 want: ^1.5.0
376 silly placeDep ROOT @jridgewell/resolve-uri@3.1.2 OK for: @jridgewell/trace-mapping@0.3.31 want: ^3.1.0
377 silly placeDep ROOT @types/babel__generator@7.27.0 OK for: @types/babel__core@7.20.5 want: *
378 silly placeDep ROOT @types/babel__template@7.4.4 OK for: @types/babel__core@7.20.5 want: *
379 silly placeDep ROOT @types/babel__traverse@7.28.0 OK for: @types/babel__core@7.20.5 want: *
380 silly fetch manifest browserslist@>= 4.21.0
381 silly packumentCache full:https://registry.npmjs.org/browserslist cache-miss
382 http cache https://registry.npmjs.org/browserslist 3ms (cache hit)
383 silly packumentCache full:https://registry.npmjs.org/browserslist set size:502989 disposed:false
384 silly placeDep ROOT baseline-browser-mapping@2.10.12 OK for: browserslist@4.28.1 want: ^2.9.0
385 silly placeDep ROOT caniuse-lite@1.0.30001782 OK for: browserslist@4.28.1 want: ^1.0.30001759
386 silly placeDep ROOT electron-to-chromium@1.5.328 OK for: browserslist@4.28.1 want: ^1.5.263
387 silly placeDep ROOT node-releases@2.0.36 OK for: browserslist@4.28.1 want: ^2.0.27
388 silly placeDep ROOT update-browserslist-db@1.2.3 OK for: browserslist@4.28.1 want: ^1.2.0
389 silly fetch manifest escalade@^3.2.0
390 silly packumentCache full:https://registry.npmjs.org/escalade cache-miss
391 http fetch GET 200 https://registry.npmjs.org/escalade 96ms (cache miss)
392 silly packumentCache full:https://registry.npmjs.org/escalade set size:undefined disposed:false
393 silly placeDep ROOT ms@2.1.3 OK for: debug@4.4.3 want: ^2.1.3
394 silly placeDep ROOT yallist@3.1.1 OK for: lru-cache@5.1.1 want: ^3.0.2
395 silly placeDep ROOT scheduler@0.27.0 OK for: react-dom@19.2.4 want: ^0.27.0
396 silly placeDep ROOT escalade@3.2.0 OK for: update-browserslist-db@1.2.3 want: ^3.2.0
397 silly placeDep ROOT esbuild@0.27.4 OK for: vite@7.3.1 want: ^0.27.0
398 silly placeDep ROOT fdir@6.5.0 OK for: vite@7.3.1 want: ^6.5.0
399 silly placeDep ROOT fsevents@2.3.3 OK for: vite@7.3.1 want: ~2.3.3
400 silly placeDep ROOT picomatch@4.0.4 OK for: vite@7.3.1 want: ^4.0.3
401 silly placeDep ROOT postcss@8.5.8 OK for: vite@7.3.1 want: ^8.5.6
402 silly placeDep ROOT rollup@4.60.1 OK for: vite@7.3.1 want: ^4.43.0
403 silly placeDep ROOT tinyglobby@0.2.15 OK for: vite@7.3.1 want: ^0.2.15
404 silly fetch manifest @esbuild/aix-ppc64@0.27.4
405 silly packumentCache full:https://registry.npmjs.org/@esbuild%2faix-ppc64 cache-miss
406 silly fetch manifest @esbuild/android-arm@0.27.4
407 silly packumentCache full:https://registry.npmjs.org/@esbuild%2fandroid-arm cache-miss
408 silly fetch manifest @esbuild/android-arm64@0.27.4
409 silly packumentCache full:https://registry.npmjs.org/@esbuild%2fandroid-arm64 cache-miss
410 silly fetch manifest @esbuild/android-x64@0.27.4
411 silly packumentCache full:https://registry.npmjs.org/@esbuild%2fandroid-x64 cache-miss
412 silly fetch manifest @esbuild/darwin-arm64@0.27.4
413 silly packumentCache full:https://registry.npmjs.org/@esbuild%2fdarwin-arm64 cache-miss
414 silly fetch manifest @esbuild/darwin-x64@0.27.4
415 silly packumentCache full:https://registry.npmjs.org/@esbuild%2fdarwin-x64 cache-miss
416 silly fetch manifest @esbuild/freebsd-arm64@0.27.4
417 silly packumentCache full:https://registry.npmjs.org/@esbuild%2ffreebsd-arm64 cache-miss
418 http fetch GET 200 https://registry.npmjs.org/@esbuild%2faix-ppc64 108ms (cache miss)
419 silly packumentCache full:https://registry.npmjs.org/@esbuild%2faix-ppc64 set size:undefined disposed:false
420 silly fetch manifest @esbuild/freebsd-x64@0.27.4
421 silly packumentCache full:https://registry.npmjs.org/@esbuild%2ffreebsd-x64 cache-miss
422 http fetch GET 200 https://registry.npmjs.org/@esbuild%2fandroid-x64 147ms (cache miss)
423 silly packumentCache full:https://registry.npmjs.org/@esbuild%2fandroid-x64 set size:undefined disposed:false
424 silly fetch manifest @esbuild/linux-arm@0.27.4
425 silly packumentCache full:https://registry.npmjs.org/@esbuild%2flinux-arm cache-miss
426 http fetch GET 200 https://registry.npmjs.org/@esbuild%2ffreebsd-arm64 160ms (cache miss)
427 silly packumentCache full:https://registry.npmjs.org/@esbuild%2ffreebsd-arm64 set size:undefined disposed:false
428 silly fetch manifest @esbuild/linux-arm64@0.27.4
429 silly packumentCache full:https://registry.npmjs.org/@esbuild%2flinux-arm64 cache-miss
430 http fetch GET 200 https://registry.npmjs.org/@esbuild%2fandroid-arm 237ms (cache miss)
431 silly packumentCache full:https://registry.npmjs.org/@esbuild%2fandroid-arm set size:undefined disposed:false
432 silly fetch manifest @esbuild/linux-ia32@0.27.4
433 silly packumentCache full:https://registry.npmjs.org/@esbuild%2flinux-ia32 cache-miss
434 http fetch GET 200 https://registry.npmjs.org/@esbuild%2fdarwin-x64 240ms (cache miss)
435 silly packumentCache full:https://registry.npmjs.org/@esbuild%2fdarwin-x64 set size:undefined disposed:false
436 silly fetch manifest @esbuild/linux-loong64@0.27.4
437 silly packumentCache full:https://registry.npmjs.org/@esbuild%2flinux-loong64 cache-miss
438 http fetch GET 200 https://registry.npmjs.org/@esbuild%2ffreebsd-x64 186ms (cache miss)
439 silly packumentCache full:https://registry.npmjs.org/@esbuild%2ffreebsd-x64 set size:undefined disposed:false
440 silly fetch manifest @esbuild/linux-mips64el@0.27.4
441 silly packumentCache full:https://registry.npmjs.org/@esbuild%2flinux-mips64el cache-miss
442 http fetch GET 200 https://registry.npmjs.org/@esbuild%2fandroid-arm64 297ms (cache miss)
443 silly packumentCache full:https://registry.npmjs.org/@esbuild%2fandroid-arm64 set size:undefined disposed:false
444 silly fetch manifest @esbuild/linux-ppc64@0.27.4
445 silly packumentCache full:https://registry.npmjs.org/@esbuild%2flinux-ppc64 cache-miss
446 http fetch GET 200 https://registry.npmjs.org/@esbuild%2flinux-arm 164ms (cache miss)
447 silly packumentCache full:https://registry.npmjs.org/@esbuild%2flinux-arm set size:undefined disposed:false
448 silly fetch manifest @esbuild/linux-riscv64@0.27.4
449 silly packumentCache full:https://registry.npmjs.org/@esbuild%2flinux-riscv64 cache-miss
450 http fetch GET 200 https://registry.npmjs.org/@esbuild%2fdarwin-arm64 341ms (cache miss)
451 silly packumentCache full:https://registry.npmjs.org/@esbuild%2fdarwin-arm64 set size:undefined disposed:false
452 silly fetch manifest @esbuild/linux-s390x@0.27.4
453 silly packumentCache full:https://registry.npmjs.org/@esbuild%2flinux-s390x cache-miss
454 http fetch GET 200 https://registry.npmjs.org/@esbuild%2flinux-arm64 182ms (cache miss)
455 silly packumentCache full:https://registry.npmjs.org/@esbuild%2flinux-arm64 set size:undefined disposed:false
456 silly fetch manifest @esbuild/linux-x64@0.27.4
457 silly packumentCache full:https://registry.npmjs.org/@esbuild%2flinux-x64 cache-miss
458 http fetch GET 200 https://registry.npmjs.org/@esbuild%2flinux-ia32 459ms (cache miss)
459 silly packumentCache full:https://registry.npmjs.org/@esbuild%2flinux-ia32 set size:undefined disposed:false
460 silly fetch manifest @esbuild/netbsd-arm64@0.27.4
461 silly packumentCache full:https://registry.npmjs.org/@esbuild%2fnetbsd-arm64 cache-miss
462 http fetch GET 200 https://registry.npmjs.org/@esbuild%2flinux-riscv64 461ms (cache miss)
463 silly packumentCache full:https://registry.npmjs.org/@esbuild%2flinux-riscv64 set size:undefined disposed:false
464 silly fetch manifest @esbuild/netbsd-x64@0.27.4
465 silly packumentCache full:https://registry.npmjs.org/@esbuild%2fnetbsd-x64 cache-miss
466 http fetch GET 200 https://registry.npmjs.org/@esbuild%2flinux-x64 466ms (cache miss)
467 silly packumentCache full:https://registry.npmjs.org/@esbuild%2flinux-x64 set size:undefined disposed:false
468 silly fetch manifest @esbuild/openbsd-arm64@0.27.4
469 silly packumentCache full:https://registry.npmjs.org/@esbuild%2fopenbsd-arm64 cache-miss
470 http fetch GET 200 https://registry.npmjs.org/@esbuild%2flinux-loong64 577ms (cache miss)
471 silly packumentCache full:https://registry.npmjs.org/@esbuild%2flinux-loong64 set size:undefined disposed:false
472 silly fetch manifest @esbuild/openbsd-x64@0.27.4
473 silly packumentCache full:https://registry.npmjs.org/@esbuild%2fopenbsd-x64 cache-miss
474 http fetch GET 200 https://registry.npmjs.org/@esbuild%2flinux-s390x 533ms (cache miss)
475 silly packumentCache full:https://registry.npmjs.org/@esbuild%2flinux-s390x set size:undefined disposed:false
476 silly fetch manifest @esbuild/openharmony-arm64@0.27.4
477 silly packumentCache full:https://registry.npmjs.org/@esbuild%2fopenharmony-arm64 cache-miss
478 http fetch GET 200 https://registry.npmjs.org/@esbuild%2flinux-mips64el 585ms (cache miss)
479 silly packumentCache full:https://registry.npmjs.org/@esbuild%2flinux-mips64el set size:undefined disposed:false
480 silly fetch manifest @esbuild/sunos-x64@0.27.4
481 silly packumentCache full:https://registry.npmjs.org/@esbuild%2fsunos-x64 cache-miss
482 http fetch GET 200 https://registry.npmjs.org/@esbuild%2flinux-ppc64 586ms (cache miss)
483 silly packumentCache full:https://registry.npmjs.org/@esbuild%2flinux-ppc64 set size:undefined disposed:false
484 silly fetch manifest @esbuild/win32-arm64@0.27.4
485 silly packumentCache full:https://registry.npmjs.org/@esbuild%2fwin32-arm64 cache-miss
486 http fetch GET 200 https://registry.npmjs.org/@esbuild%2fnetbsd-arm64 188ms (cache miss)
487 silly packumentCache full:https://registry.npmjs.org/@esbuild%2fnetbsd-arm64 set size:undefined disposed:false
488 silly fetch manifest @esbuild/win32-ia32@0.27.4
489 silly packumentCache full:https://registry.npmjs.org/@esbuild%2fwin32-ia32 cache-miss
490 http fetch GET 200 https://registry.npmjs.org/@esbuild%2fnetbsd-x64 180ms (cache miss)
491 silly packumentCache full:https://registry.npmjs.org/@esbuild%2fnetbsd-x64 set size:undefined disposed:false
492 silly fetch manifest @esbuild/win32-x64@0.27.4
493 silly packumentCache full:https://registry.npmjs.org/@esbuild%2fwin32-x64 cache-miss
494 http fetch GET 200 https://registry.npmjs.org/@esbuild%2fopenbsd-arm64 151ms (cache miss)
495 silly packumentCache full:https://registry.npmjs.org/@esbuild%2fopenbsd-arm64 set size:undefined disposed:false
496 silly fetch manifest nanoid@^3.3.11
497 silly packumentCache full:https://registry.npmjs.org/nanoid cache-miss
498 http fetch GET 200 https://registry.npmjs.org/@esbuild%2fopenharmony-arm64 124ms (cache miss)
499 silly packumentCache full:https://registry.npmjs.org/@esbuild%2fopenharmony-arm64 set size:undefined disposed:false
500 silly fetch manifest source-map-js@^1.2.1
501 silly packumentCache full:https://registry.npmjs.org/source-map-js cache-miss
502 http fetch GET 200 https://registry.npmjs.org/@esbuild%2fopenbsd-x64 210ms (cache miss)
503 silly packumentCache full:https://registry.npmjs.org/@esbuild%2fopenbsd-x64 set size:undefined disposed:false
504 silly fetch manifest @types/estree@1.0.8
505 silly packumentCache full:https://registry.npmjs.org/@types%2festree cache-miss
506 http fetch GET 200 https://registry.npmjs.org/@esbuild%2fsunos-x64 157ms (cache miss)
507 silly packumentCache full:https://registry.npmjs.org/@esbuild%2fsunos-x64 set size:undefined disposed:false
508 silly fetch manifest @rollup/rollup-darwin-arm64@4.60.1
509 silly packumentCache full:https://registry.npmjs.org/@rollup%2frollup-darwin-arm64 cache-miss
510 http fetch GET 200 https://registry.npmjs.org/@esbuild%2fwin32-ia32 218ms (cache miss)
511 silly packumentCache full:https://registry.npmjs.org/@esbuild%2fwin32-ia32 set size:undefined disposed:false
512 silly fetch manifest @rollup/rollup-android-arm64@4.60.1
513 silly packumentCache full:https://registry.npmjs.org/@rollup%2frollup-android-arm64 cache-miss
514 http fetch GET 200 https://registry.npmjs.org/@esbuild%2fwin32-x64 260ms (cache miss)
515 silly packumentCache full:https://registry.npmjs.org/@esbuild%2fwin32-x64 set size:undefined disposed:false
516 silly fetch manifest @rollup/rollup-win32-arm64-msvc@4.60.1
517 silly packumentCache full:https://registry.npmjs.org/@rollup%2frollup-win32-arm64-msvc cache-miss
518 http fetch GET 200 https://registry.npmjs.org/source-map-js 226ms (cache miss)
519 silly packumentCache full:https://registry.npmjs.org/source-map-js set size:undefined disposed:false
520 silly fetch manifest @rollup/rollup-freebsd-arm64@4.60.1
521 silly packumentCache full:https://registry.npmjs.org/@rollup%2frollup-freebsd-arm64 cache-miss
522 http fetch GET 200 https://registry.npmjs.org/@rollup%2frollup-darwin-arm64 277ms (cache miss)
523 silly packumentCache full:https://registry.npmjs.org/@rollup%2frollup-darwin-arm64 set size:undefined disposed:false
524 silly fetch manifest @rollup/rollup-linux-arm64-gnu@4.60.1
525 silly packumentCache full:https://registry.npmjs.org/@rollup%2frollup-linux-arm64-gnu cache-miss
526 http fetch GET 200 https://registry.npmjs.org/@esbuild%2fwin32-arm64 436ms (cache miss)
527 silly packumentCache full:https://registry.npmjs.org/@esbuild%2fwin32-arm64 set size:undefined disposed:false
528 silly fetch manifest @rollup/rollup-linux-arm64-musl@4.60.1
529 silly packumentCache full:https://registry.npmjs.org/@rollup%2frollup-linux-arm64-musl cache-miss
530 http fetch GET 200 https://registry.npmjs.org/@types%2festree 292ms (cache miss)
531 silly packumentCache full:https://registry.npmjs.org/@types%2festree set size:undefined disposed:false
532 silly fetch manifest @rollup/rollup-android-arm-eabi@4.60.1
533 silly packumentCache full:https://registry.npmjs.org/@rollup%2frollup-android-arm-eabi cache-miss
534 http fetch GET 200 https://registry.npmjs.org/nanoid 362ms (cache miss)
535 silly packumentCache full:https://registry.npmjs.org/nanoid set size:undefined disposed:false
536 silly fetch manifest @rollup/rollup-linux-arm-gnueabihf@4.60.1
537 silly packumentCache full:https://registry.npmjs.org/@rollup%2frollup-linux-arm-gnueabihf cache-miss
538 http fetch GET 200 https://registry.npmjs.org/@rollup%2frollup-android-arm64 227ms (cache miss)
539 silly packumentCache full:https://registry.npmjs.org/@rollup%2frollup-android-arm64 set size:undefined disposed:false
540 silly fetch manifest @rollup/rollup-linux-arm-musleabihf@4.60.1
541 silly packumentCache full:https://registry.npmjs.org/@rollup%2frollup-linux-arm-musleabihf cache-miss
542 http fetch GET 200 https://registry.npmjs.org/@rollup%2frollup-win32-arm64-msvc 306ms (cache miss)
543 silly packumentCache full:https://registry.npmjs.org/@rollup%2frollup-win32-arm64-msvc set size:undefined disposed:false
544 silly fetch manifest @rollup/rollup-win32-ia32-msvc@4.60.1
545 silly packumentCache full:https://registry.npmjs.org/@rollup%2frollup-win32-ia32-msvc cache-miss
546 http fetch GET 200 https://registry.npmjs.org/@rollup%2frollup-linux-arm64-gnu 346ms (cache miss)
547 silly packumentCache full:https://registry.npmjs.org/@rollup%2frollup-linux-arm64-gnu set size:undefined disposed:false
548 silly fetch manifest @rollup/rollup-linux-loong64-gnu@4.60.1
549 silly packumentCache full:https://registry.npmjs.org/@rollup%2frollup-linux-loong64-gnu cache-miss
550 http fetch GET 200 https://registry.npmjs.org/@rollup%2frollup-linux-arm-gnueabihf 344ms (cache miss)
551 silly packumentCache full:https://registry.npmjs.org/@rollup%2frollup-linux-arm-gnueabihf set size:undefined disposed:false
552 silly fetch manifest @rollup/rollup-linux-loong64-musl@4.60.1
553 silly packumentCache full:https://registry.npmjs.org/@rollup%2frollup-linux-loong64-musl cache-miss
554 http fetch GET 200 https://registry.npmjs.org/@rollup%2frollup-linux-arm64-musl 390ms (cache miss)
555 silly packumentCache full:https://registry.npmjs.org/@rollup%2frollup-linux-arm64-musl set size:undefined disposed:false
556 silly fetch manifest @rollup/rollup-linux-riscv64-gnu@4.60.1
557 silly packumentCache full:https://registry.npmjs.org/@rollup%2frollup-linux-riscv64-gnu cache-miss
558 http fetch GET 200 https://registry.npmjs.org/@rollup%2frollup-freebsd-arm64 509ms (cache miss)
559 silly packumentCache full:https://registry.npmjs.org/@rollup%2frollup-freebsd-arm64 set size:undefined disposed:false
560 silly fetch manifest @rollup/rollup-linux-riscv64-musl@4.60.1
561 silly packumentCache full:https://registry.npmjs.org/@rollup%2frollup-linux-riscv64-musl cache-miss
562 http fetch GET 200 https://registry.npmjs.org/@rollup%2frollup-win32-ia32-msvc 216ms (cache miss)
563 silly packumentCache full:https://registry.npmjs.org/@rollup%2frollup-win32-ia32-msvc set size:undefined disposed:false
564 silly fetch manifest @rollup/rollup-linux-ppc64-gnu@4.60.1
565 silly packumentCache full:https://registry.npmjs.org/@rollup%2frollup-linux-ppc64-gnu cache-miss
566 http fetch GET 200 https://registry.npmjs.org/@rollup%2frollup-linux-arm-musleabihf 415ms (cache miss)
567 silly packumentCache full:https://registry.npmjs.org/@rollup%2frollup-linux-arm-musleabihf set size:undefined disposed:false
568 silly fetch manifest @rollup/rollup-linux-ppc64-musl@4.60.1
569 silly packumentCache full:https://registry.npmjs.org/@rollup%2frollup-linux-ppc64-musl cache-miss
570 http fetch GET 200 https://registry.npmjs.org/@rollup%2frollup-android-arm-eabi 431ms (cache miss)
571 silly packumentCache full:https://registry.npmjs.org/@rollup%2frollup-android-arm-eabi set size:undefined disposed:false
572 silly fetch manifest @rollup/rollup-linux-s390x-gnu@4.60.1
573 silly packumentCache full:https://registry.npmjs.org/@rollup%2frollup-linux-s390x-gnu cache-miss
574 http fetch GET 200 https://registry.npmjs.org/@rollup%2frollup-linux-loong64-musl 85ms (cache miss)
575 silly packumentCache full:https://registry.npmjs.org/@rollup%2frollup-linux-loong64-musl set size:undefined disposed:false
576 silly fetch manifest @rollup/rollup-darwin-x64@4.60.1
577 silly packumentCache full:https://registry.npmjs.org/@rollup%2frollup-darwin-x64 cache-miss
578 http fetch GET 200 https://registry.npmjs.org/@rollup%2frollup-linux-loong64-gnu 92ms (cache miss)
579 silly packumentCache full:https://registry.npmjs.org/@rollup%2frollup-linux-loong64-gnu set size:undefined disposed:false
580 silly fetch manifest @rollup/rollup-win32-x64-gnu@4.60.1
581 silly packumentCache full:https://registry.npmjs.org/@rollup%2frollup-win32-x64-gnu cache-miss
582 http fetch GET 200 https://registry.npmjs.org/@rollup%2frollup-win32-x64-gnu 173ms (cache miss)
583 silly packumentCache full:https://registry.npmjs.org/@rollup%2frollup-win32-x64-gnu set size:undefined disposed:false
584 silly fetch manifest @rollup/rollup-win32-x64-msvc@4.60.1
585 silly packumentCache full:https://registry.npmjs.org/@rollup%2frollup-win32-x64-msvc cache-miss
586 http fetch GET 200 https://registry.npmjs.org/@rollup%2frollup-linux-ppc64-gnu 252ms (cache miss)
587 silly packumentCache full:https://registry.npmjs.org/@rollup%2frollup-linux-ppc64-gnu set size:undefined disposed:false
588 silly fetch manifest @rollup/rollup-freebsd-x64@4.60.1
589 silly packumentCache full:https://registry.npmjs.org/@rollup%2frollup-freebsd-x64 cache-miss
590 http fetch GET 200 https://registry.npmjs.org/@rollup%2frollup-linux-ppc64-musl 261ms (cache miss)
591 silly packumentCache full:https://registry.npmjs.org/@rollup%2frollup-linux-ppc64-musl set size:undefined disposed:false
592 silly fetch manifest @rollup/rollup-linux-x64-gnu@4.60.1
593 silly packumentCache full:https://registry.npmjs.org/@rollup%2frollup-linux-x64-gnu cache-miss
594 http fetch GET 200 https://registry.npmjs.org/@rollup%2frollup-linux-riscv64-musl 313ms (cache miss)
595 silly packumentCache full:https://registry.npmjs.org/@rollup%2frollup-linux-riscv64-musl set size:undefined disposed:false
596 silly fetch manifest @rollup/rollup-linux-x64-musl@4.60.1
597 silly packumentCache full:https://registry.npmjs.org/@rollup%2frollup-linux-x64-musl cache-miss
598 http fetch GET 200 https://registry.npmjs.org/@rollup%2frollup-linux-riscv64-gnu 350ms (cache miss)
599 silly packumentCache full:https://registry.npmjs.org/@rollup%2frollup-linux-riscv64-gnu set size:undefined disposed:false
600 silly fetch manifest @rollup/rollup-openbsd-x64@4.60.1
601 silly packumentCache full:https://registry.npmjs.org/@rollup%2frollup-openbsd-x64 cache-miss
602 http fetch GET 200 https://registry.npmjs.org/@rollup%2frollup-linux-s390x-gnu 336ms (cache miss)
603 silly packumentCache full:https://registry.npmjs.org/@rollup%2frollup-linux-s390x-gnu set size:undefined disposed:false
604 silly fetch manifest @rollup/rollup-openharmony-arm64@4.60.1
605 silly packumentCache full:https://registry.npmjs.org/@rollup%2frollup-openharmony-arm64 cache-miss
606 http fetch GET 200 https://registry.npmjs.org/@rollup%2frollup-darwin-x64 440ms (cache miss)
607 silly packumentCache full:https://registry.npmjs.org/@rollup%2frollup-darwin-x64 set size:undefined disposed:false
608 http fetch GET 200 https://registry.npmjs.org/@rollup%2frollup-freebsd-x64 200ms (cache miss)
609 silly packumentCache full:https://registry.npmjs.org/@rollup%2frollup-freebsd-x64 set size:undefined disposed:false
610 http fetch GET 200 https://registry.npmjs.org/@rollup%2frollup-win32-x64-msvc 273ms (cache miss)
611 silly packumentCache full:https://registry.npmjs.org/@rollup%2frollup-win32-x64-msvc set size:undefined disposed:false
612 http fetch GET 200 https://registry.npmjs.org/@rollup%2frollup-openbsd-x64 148ms (cache miss)
613 silly packumentCache full:https://registry.npmjs.org/@rollup%2frollup-openbsd-x64 set size:undefined disposed:false
614 http fetch GET 200 https://registry.npmjs.org/@rollup%2frollup-linux-x64-gnu 200ms (cache miss)
615 silly packumentCache full:https://registry.npmjs.org/@rollup%2frollup-linux-x64-gnu set size:undefined disposed:false
616 http fetch GET 200 https://registry.npmjs.org/@rollup%2frollup-openharmony-arm64 122ms (cache miss)
617 silly packumentCache full:https://registry.npmjs.org/@rollup%2frollup-openharmony-arm64 set size:undefined disposed:false
618 http fetch GET 200 https://registry.npmjs.org/@rollup%2frollup-linux-x64-musl 162ms (cache miss)
619 silly packumentCache full:https://registry.npmjs.org/@rollup%2frollup-linux-x64-musl set size:undefined disposed:false
620 silly placeDep ROOT @esbuild/aix-ppc64@0.27.4 OK for: esbuild@0.27.4 want: 0.27.4
621 silly placeDep ROOT @esbuild/android-arm@0.27.4 OK for: esbuild@0.27.4 want: 0.27.4
622 silly placeDep ROOT @esbuild/android-arm64@0.27.4 OK for: esbuild@0.27.4 want: 0.27.4
623 silly placeDep ROOT @esbuild/android-x64@0.27.4 OK for: esbuild@0.27.4 want: 0.27.4
624 silly placeDep ROOT @esbuild/darwin-arm64@0.27.4 OK for: esbuild@0.27.4 want: 0.27.4
625 silly placeDep ROOT @esbuild/darwin-x64@0.27.4 OK for: esbuild@0.27.4 want: 0.27.4
626 silly placeDep ROOT @esbuild/freebsd-arm64@0.27.4 OK for: esbuild@0.27.4 want: 0.27.4
627 silly placeDep ROOT @esbuild/freebsd-x64@0.27.4 OK for: esbuild@0.27.4 want: 0.27.4
628 silly placeDep ROOT @esbuild/linux-arm@0.27.4 OK for: esbuild@0.27.4 want: 0.27.4
629 silly placeDep ROOT @esbuild/linux-arm64@0.27.4 OK for: esbuild@0.27.4 want: 0.27.4
630 silly placeDep ROOT @esbuild/linux-ia32@0.27.4 OK for: esbuild@0.27.4 want: 0.27.4
631 silly placeDep ROOT @esbuild/linux-loong64@0.27.4 OK for: esbuild@0.27.4 want: 0.27.4
632 silly placeDep ROOT @esbuild/linux-mips64el@0.27.4 OK for: esbuild@0.27.4 want: 0.27.4
633 silly placeDep ROOT @esbuild/linux-ppc64@0.27.4 OK for: esbuild@0.27.4 want: 0.27.4
634 silly placeDep ROOT @esbuild/linux-riscv64@0.27.4 OK for: esbuild@0.27.4 want: 0.27.4
635 silly placeDep ROOT @esbuild/linux-s390x@0.27.4 OK for: esbuild@0.27.4 want: 0.27.4
636 silly placeDep ROOT @esbuild/linux-x64@0.27.4 OK for: esbuild@0.27.4 want: 0.27.4
637 silly placeDep ROOT @esbuild/netbsd-arm64@0.27.4 OK for: esbuild@0.27.4 want: 0.27.4
638 silly placeDep ROOT @esbuild/netbsd-x64@0.27.4 OK for: esbuild@0.27.4 want: 0.27.4
639 silly placeDep ROOT @esbuild/openbsd-arm64@0.27.4 OK for: esbuild@0.27.4 want: 0.27.4
640 silly placeDep ROOT @esbuild/openbsd-x64@0.27.4 OK for: esbuild@0.27.4 want: 0.27.4
641 silly placeDep ROOT @esbuild/openharmony-arm64@0.27.4 OK for: esbuild@0.27.4 want: 0.27.4
642 silly placeDep ROOT @esbuild/sunos-x64@0.27.4 OK for: esbuild@0.27.4 want: 0.27.4
643 silly placeDep ROOT @esbuild/win32-arm64@0.27.4 OK for: esbuild@0.27.4 want: 0.27.4
644 silly placeDep ROOT @esbuild/win32-ia32@0.27.4 OK for: esbuild@0.27.4 want: 0.27.4
645 silly placeDep ROOT @esbuild/win32-x64@0.27.4 OK for: esbuild@0.27.4 want: 0.27.4
646 silly placeDep ROOT nanoid@3.3.11 OK for: postcss@8.5.8 want: ^3.3.11
647 silly placeDep ROOT source-map-js@1.2.1 OK for: postcss@8.5.8 want: ^1.2.1
648 silly placeDep ROOT @rollup/rollup-android-arm-eabi@4.60.1 OK for: rollup@4.60.1 want: 4.60.1
649 silly placeDep ROOT @rollup/rollup-android-arm64@4.60.1 OK for: rollup@4.60.1 want: 4.60.1
650 silly placeDep ROOT @rollup/rollup-darwin-arm64@4.60.1 OK for: rollup@4.60.1 want: 4.60.1
651 silly placeDep ROOT @rollup/rollup-darwin-x64@4.60.1 OK for: rollup@4.60.1 want: 4.60.1
652 silly placeDep ROOT @rollup/rollup-freebsd-arm64@4.60.1 OK for: rollup@4.60.1 want: 4.60.1
653 silly placeDep ROOT @rollup/rollup-freebsd-x64@4.60.1 OK for: rollup@4.60.1 want: 4.60.1
654 silly placeDep ROOT @rollup/rollup-linux-arm-gnueabihf@4.60.1 OK for: rollup@4.60.1 want: 4.60.1
655 silly placeDep ROOT @rollup/rollup-linux-arm-musleabihf@4.60.1 OK for: rollup@4.60.1 want: 4.60.1
656 silly placeDep ROOT @rollup/rollup-linux-arm64-gnu@4.60.1 OK for: rollup@4.60.1 want: 4.60.1
657 silly placeDep ROOT @rollup/rollup-linux-arm64-musl@4.60.1 OK for: rollup@4.60.1 want: 4.60.1
658 silly placeDep ROOT @rollup/rollup-linux-loong64-gnu@4.60.1 OK for: rollup@4.60.1 want: 4.60.1
659 silly placeDep ROOT @rollup/rollup-linux-loong64-musl@4.60.1 OK for: rollup@4.60.1 want: 4.60.1
660 silly placeDep ROOT @rollup/rollup-linux-ppc64-gnu@4.60.1 OK for: rollup@4.60.1 want: 4.60.1
661 silly placeDep ROOT @rollup/rollup-linux-ppc64-musl@4.60.1 OK for: rollup@4.60.1 want: 4.60.1
662 silly placeDep ROOT @rollup/rollup-linux-riscv64-gnu@4.60.1 OK for: rollup@4.60.1 want: 4.60.1
663 silly placeDep ROOT @rollup/rollup-linux-riscv64-musl@4.60.1 OK for: rollup@4.60.1 want: 4.60.1
664 silly placeDep ROOT @rollup/rollup-linux-s390x-gnu@4.60.1 OK for: rollup@4.60.1 want: 4.60.1
665 silly placeDep ROOT @rollup/rollup-linux-x64-gnu@4.60.1 OK for: rollup@4.60.1 want: 4.60.1
666 silly placeDep ROOT @rollup/rollup-linux-x64-musl@4.60.1 OK for: rollup@4.60.1 want: 4.60.1
667 silly placeDep ROOT @rollup/rollup-openbsd-x64@4.60.1 OK for: rollup@4.60.1 want: 4.60.1
668 silly placeDep ROOT @rollup/rollup-openharmony-arm64@4.60.1 OK for: rollup@4.60.1 want: 4.60.1
669 silly placeDep ROOT @rollup/rollup-win32-arm64-msvc@4.60.1 OK for: rollup@4.60.1 want: 4.60.1
670 silly placeDep ROOT @rollup/rollup-win32-ia32-msvc@4.60.1 OK for: rollup@4.60.1 want: 4.60.1
671 silly placeDep ROOT @rollup/rollup-win32-x64-gnu@4.60.1 OK for: rollup@4.60.1 want: 4.60.1
672 silly placeDep ROOT @rollup/rollup-win32-x64-msvc@4.60.1 OK for: rollup@4.60.1 want: 4.60.1
673 silly placeDep ROOT @types/estree@1.0.8 OK for: rollup@4.60.1 want: 1.0.8
674 silly reify moves {}
675 silly audit bulk request {
675 silly audit   '@vitejs/plugin-react': [ '4.7.0' ],
675 silly audit   vite: [ '7.3.1' ],
675 silly audit   react: [ '19.2.4' ],
675 silly audit   'react-dom': [ '19.2.4' ],
675 silly audit   '@babel/core': [ '7.29.0' ],
675 silly audit   '@babel/plugin-transform-react-jsx-self': [ '7.27.1' ],
675 silly audit   '@babel/plugin-transform-react-jsx-source': [ '7.27.1' ],
675 silly audit   '@rolldown/pluginutils': [ '1.0.0-beta.27' ],
675 silly audit   '@types/babel__core': [ '7.20.5' ],
675 silly audit   'react-refresh': [ '0.17.0' ],
675 silly audit   '@babel/code-frame': [ '7.29.0' ],
675 silly audit   '@babel/generator': [ '7.29.1' ],
675 silly audit   '@babel/helper-compilation-targets': [ '7.28.6' ],
675 silly audit   '@babel/helper-module-transforms': [ '7.28.6' ],
675 silly audit   '@babel/helpers': [ '7.29.2' ],
675 silly audit   '@babel/parser': [ '7.29.2' ],
675 silly audit   '@babel/template': [ '7.28.6' ],
675 silly audit   '@babel/traverse': [ '7.29.0' ],
675 silly audit   '@babel/types': [ '7.29.0' ],
675 silly audit   '@jridgewell/remapping': [ '2.3.5' ],
675 silly audit   'convert-source-map': [ '2.0.0' ],
675 silly audit   debug: [ '4.4.3' ],
675 silly audit   gensync: [ '1.0.0-beta.2' ],
675 silly audit   json5: [ '2.2.3' ],
675 silly audit   semver: [ '6.3.1' ],
675 silly audit   '@babel/helper-validator-identifier': [ '7.28.5' ],
675 silly audit   'js-tokens': [ '4.0.0' ],
675 silly audit   picocolors: [ '1.1.1' ],
675 silly audit   '@jridgewell/gen-mapping': [ '0.3.13' ],
675 silly audit   '@jridgewell/trace-mapping': [ '0.3.31' ],
675 silly audit   jsesc: [ '3.1.0' ],
675 silly audit   '@babel/compat-data': [ '7.29.0' ],
675 silly audit   '@babel/helper-validator-option': [ '7.27.1' ],
675 silly audit   browserslist: [ '4.28.1' ],
675 silly audit   'lru-cache': [ '5.1.1' ],
675 silly audit   '@babel/helper-module-imports': [ '7.28.6' ],
675 silly audit   '@babel/helper-plugin-utils': [ '7.28.6' ],
675 silly audit   '@babel/helper-globals': [ '7.28.0' ],
675 silly audit   '@babel/helper-string-parser': [ '7.27.1' ],
675 silly audit   '@jridgewell/sourcemap-codec': [ '1.5.5' ],
675 silly audit   '@jridgewell/resolve-uri': [ '3.1.2' ],
675 silly audit   '@types/babel__generator': [ '7.27.0' ],
675 silly audit   '@types/babel__template': [ '7.4.4' ],
675 silly audit   '@types/babel__traverse': [ '7.28.0' ],
675 silly audit   'baseline-browser-mapping': [ '2.10.12' ],
675 silly audit   'caniuse-lite': [ '1.0.30001782' ],
675 silly audit   'electron-to-chromium': [ '1.5.328' ],
675 silly audit   'node-releases': [ '2.0.36' ],
675 silly audit   'update-browserslist-db': [ '1.2.3' ],
675 silly audit   ms: [ '2.1.3' ],
675 silly audit   yallist: [ '3.1.1' ],
675 silly audit   scheduler: [ '0.27.0' ],
675 silly audit   escalade: [ '3.2.0' ],
675 silly audit   esbuild: [ '0.27.4' ],
675 silly audit   fdir: [ '6.5.0' ],
675 silly audit   fsevents: [ '2.3.3' ],
675 silly audit   picomatch: [ '4.0.4' ],
675 silly audit   postcss: [ '8.5.8' ],
675 silly audit   rollup: [ '4.60.1' ],
675 silly audit   tinyglobby: [ '0.2.15' ],
675 silly audit   '@esbuild/aix-ppc64': [ '0.27.4' ],
675 silly audit   '@esbuild/android-arm': [ '0.27.4' ],
675 silly audit   '@esbuild/android-arm64': [ '0.27.4' ],
675 silly audit   '@esbuild/android-x64': [ '0.27.4' ],
675 silly audit   '@esbuild/darwin-arm64': [ '0.27.4' ],
675 silly audit   '@esbuild/darwin-x64': [ '0.27.4' ],
675 silly audit   '@esbuild/freebsd-arm64': [ '0.27.4' ],
675 silly audit   '@esbuild/freebsd-x64': [ '0.27.4' ],
675 silly audit   '@esbuild/linux-arm': [ '0.27.4' ],
675 silly audit   '@esbuild/linux-arm64': [ '0.27.4' ],
675 silly audit   '@esbuild/linux-ia32': [ '0.27.4' ],
675 silly audit   '@esbuild/linux-loong64': [ '0.27.4' ],
675 silly audit   '@esbuild/linux-mips64el': [ '0.27.4' ],
675 silly audit   '@esbuild/linux-ppc64': [ '0.27.4' ],
675 silly audit   '@esbuild/linux-riscv64': [ '0.27.4' ],
675 silly audit   '@esbuild/linux-s390x': [ '0.27.4' ],
675 silly audit   '@esbuild/linux-x64': [ '0.27.4' ],
675 silly audit   '@esbuild/netbsd-arm64': [ '0.27.4' ],
675 silly audit   '@esbuild/netbsd-x64': [ '0.27.4' ],
675 silly audit   '@esbuild/openbsd-arm64': [ '0.27.4' ],
675 silly audit   '@esbuild/openbsd-x64': [ '0.27.4' ],
675 silly audit   '@esbuild/openharmony-arm64': [ '0.27.4' ],
675 silly audit   '@esbuild/sunos-x64': [ '0.27.4' ],
675 silly audit   '@esbuild/win32-arm64': [ '0.27.4' ],
675 silly audit   '@esbuild/win32-ia32': [ '0.27.4' ],
675 silly audit   '@esbuild/win32-x64': [ '0.27.4' ],
675 silly audit   nanoid: [ '3.3.11' ],
675 silly audit   'source-map-js': [ '1.2.1' ],
675 silly audit   '@rollup/rollup-android-arm-eabi': [ '4.60.1' ],
675 silly audit   '@rollup/rollup-android-arm64': [ '4.60.1' ],
675 silly audit   '@rollup/rollup-darwin-arm64': [ '4.60.1' ],
675 silly audit   '@rollup/rollup-darwin-x64': [ '4.60.1' ],
675 silly audit   '@rollup/rollup-freebsd-arm64': [ '4.60.1' ],
675 silly audit   '@rollup/rollup-freebsd-x64': [ '4.60.1' ],
675 silly audit   '@rollup/rollup-linux-arm-gnueabihf': [ '4.60.1' ],
675 silly audit   '@rollup/rollup-linux-arm-musleabihf': [ '4.60.1' ],
675 silly audit   '@rollup/rollup-linux-arm64-gnu': [ '4.60.1' ],
675 silly audit   '@rollup/rollup-linux-arm64-musl': [ '4.60.1' ],
675 silly audit   '@rollup/rollup-linux-loong64-gnu': [ '4.60.1' ],
675 silly audit   '@rollup/rollup-linux-loong64-musl': [ '4.60.1' ],
675 silly audit   '@rollup/rollup-linux-ppc64-gnu': [ '4.60.1' ],
675 silly audit   '@rollup/rollup-linux-ppc64-musl': [ '4.60.1' ],
675 silly audit   '@rollup/rollup-linux-riscv64-gnu': [ '4.60.1' ],
675 silly audit   '@rollup/rollup-linux-riscv64-musl': [ '4.60.1' ],
675 silly audit   '@rollup/rollup-linux-s390x-gnu': [ '4.60.1' ],
675 silly audit   '@rollup/rollup-linux-x64-gnu': [ '4.60.1' ],
675 silly audit   '@rollup/rollup-linux-x64-musl': [ '4.60.1' ],
675 silly audit   '@rollup/rollup-openbsd-x64': [ '4.60.1' ],
675 silly audit   '@rollup/rollup-openharmony-arm64': [ '4.60.1' ],
675 silly audit   '@rollup/rollup-win32-arm64-msvc': [ '4.60.1' ],
675 silly audit   '@rollup/rollup-win32-ia32-msvc': [ '4.60.1' ],
675 silly audit   '@rollup/rollup-win32-x64-gnu': [ '4.60.1' ],
675 silly audit   '@rollup/rollup-win32-x64-msvc': [ '4.60.1' ],
675 silly audit   '@types/estree': [ '1.0.8' ]
675 silly audit }
676 verbose reify failed optional dependency /Users/harelamarilio/Desktop/Skills/Special-Project/node_modules/@rollup/rollup-win32-x64-msvc
677 silly reify mark deleted [
677 silly reify   '/Users/harelamarilio/Desktop/Skills/Special-Project/node_modules/@rollup/rollup-win32-x64-msvc'
677 silly reify ]
678 verbose reify failed optional dependency /Users/harelamarilio/Desktop/Skills/Special-Project/node_modules/@rollup/rollup-win32-x64-gnu
679 silly reify mark deleted [
679 silly reify   '/Users/harelamarilio/Desktop/Skills/Special-Project/node_modules/@rollup/rollup-win32-x64-gnu'
679 silly reify ]
680 verbose reify failed optional dependency /Users/harelamarilio/Desktop/Skills/Special-Project/node_modules/@rollup/rollup-win32-ia32-msvc
681 silly reify mark deleted [
681 silly reify   '/Users/harelamarilio/Desktop/Skills/Special-Project/node_modules/@rollup/rollup-win32-ia32-msvc'
681 silly reify ]
682 verbose reify failed optional dependency /Users/harelamarilio/Desktop/Skills/Special-Project/node_modules/@rollup/rollup-win32-arm64-msvc
683 silly reify mark deleted [
683 silly reify   '/Users/harelamarilio/Desktop/Skills/Special-Project/node_modules/@rollup/rollup-win32-arm64-msvc'
683 silly reify ]
684 verbose reify failed optional dependency /Users/harelamarilio/Desktop/Skills/Special-Project/node_modules/@rollup/rollup-openharmony-arm64
685 silly reify mark deleted [
685 silly reify   '/Users/harelamarilio/Desktop/Skills/Special-Project/node_modules/@rollup/rollup-openharmony-arm64'
685 silly reify ]
686 verbose reify failed optional dependency /Users/harelamarilio/Desktop/Skills/Special-Project/node_modules/@rollup/rollup-openbsd-x64
687 silly reify mark deleted [
687 silly reify   '/Users/harelamarilio/Desktop/Skills/Special-Project/node_modules/@rollup/rollup-openbsd-x64'
687 silly reify ]
688 verbose reify failed optional dependency /Users/harelamarilio/Desktop/Skills/Special-Project/node_modules/@rollup/rollup-linux-x64-musl
689 silly reify mark deleted [
689 silly reify   '/Users/harelamarilio/Desktop/Skills/Special-Project/node_modules/@rollup/rollup-linux-x64-musl'
689 silly reify ]
690 verbose reify failed optional dependency /Users/harelamarilio/Desktop/Skills/Special-Project/node_modules/@rollup/rollup-linux-x64-gnu
691 silly reify mark deleted [
691 silly reify   '/Users/harelamarilio/Desktop/Skills/Special-Project/node_modules/@rollup/rollup-linux-x64-gnu'
691 silly reify ]
692 verbose reify failed optional dependency /Users/harelamarilio/Desktop/Skills/Special-Project/node_modules/@rollup/rollup-linux-s390x-gnu
693 silly reify mark deleted [
693 silly reify   '/Users/harelamarilio/Desktop/Skills/Special-Project/node_modules/@rollup/rollup-linux-s390x-gnu'
693 silly reify ]
694 verbose reify failed optional dependency /Users/harelamarilio/Desktop/Skills/Special-Project/node_modules/@rollup/rollup-linux-riscv64-musl
695 silly reify mark deleted [
695 silly reify   '/Users/harelamarilio/Desktop/Skills/Special-Project/node_modules/@rollup/rollup-linux-riscv64-musl'
695 silly reify ]
696 verbose reify failed optional dependency /Users/harelamarilio/Desktop/Skills/Special-Project/node_modules/@rollup/rollup-linux-riscv64-gnu
697 silly reify mark deleted [
697 silly reify   '/Users/harelamarilio/Desktop/Skills/Special-Project/node_modules/@rollup/rollup-linux-riscv64-gnu'
697 silly reify ]
698 verbose reify failed optional dependency /Users/harelamarilio/Desktop/Skills/Special-Project/node_modules/@rollup/rollup-linux-ppc64-musl
699 silly reify mark deleted [
699 silly reify   '/Users/harelamarilio/Desktop/Skills/Special-Project/node_modules/@rollup/rollup-linux-ppc64-musl'
699 silly reify ]
700 verbose reify failed optional dependency /Users/harelamarilio/Desktop/Skills/Special-Project/node_modules/@rollup/rollup-linux-ppc64-gnu
701 silly reify mark deleted [
701 silly reify   '/Users/harelamarilio/Desktop/Skills/Special-Project/node_modules/@rollup/rollup-linux-ppc64-gnu'
701 silly reify ]
702 verbose reify failed optional dependency /Users/harelamarilio/Desktop/Skills/Special-Project/node_modules/@rollup/rollup-linux-loong64-musl
703 silly reify mark deleted [
703 silly reify   '/Users/harelamarilio/Desktop/Skills/Special-Project/node_modules/@rollup/rollup-linux-loong64-musl'
703 silly reify ]
704 verbose reify failed optional dependency /Users/harelamarilio/Desktop/Skills/Special-Project/node_modules/@rollup/rollup-linux-loong64-gnu
705 silly reify mark deleted [
705 silly reify   '/Users/harelamarilio/Desktop/Skills/Special-Project/node_modules/@rollup/rollup-linux-loong64-gnu'
705 silly reify ]
706 verbose reify failed optional dependency /Users/harelamarilio/Desktop/Skills/Special-Project/node_modules/@rollup/rollup-linux-arm64-musl
707 silly reify mark deleted [
707 silly reify   '/Users/harelamarilio/Desktop/Skills/Special-Project/node_modules/@rollup/rollup-linux-arm64-musl'
707 silly reify ]
708 verbose reify failed optional dependency /Users/harelamarilio/Desktop/Skills/Special-Project/node_modules/@rollup/rollup-linux-arm64-gnu
709 silly reify mark deleted [
709 silly reify   '/Users/harelamarilio/Desktop/Skills/Special-Project/node_modules/@rollup/rollup-linux-arm64-gnu'
709 silly reify ]
710 verbose reify failed optional dependency /Users/harelamarilio/Desktop/Skills/Special-Project/node_modules/@rollup/rollup-linux-arm-musleabihf
711 silly reify mark deleted [
711 silly reify   '/Users/harelamarilio/Desktop/Skills/Special-Project/node_modules/@rollup/rollup-linux-arm-musleabihf'
711 silly reify ]
712 verbose reify failed optional dependency /Users/harelamarilio/Desktop/Skills/Special-Project/node_modules/@rollup/rollup-linux-arm-gnueabihf
713 silly reify mark deleted [
713 silly reify   '/Users/harelamarilio/Desktop/Skills/Special-Project/node_modules/@rollup/rollup-linux-arm-gnueabihf'
713 silly reify ]
714 verbose reify failed optional dependency /Users/harelamarilio/Desktop/Skills/Special-Project/node_modules/@rollup/rollup-freebsd-x64
715 silly reify mark deleted [
715 silly reify   '/Users/harelamarilio/Desktop/Skills/Special-Project/node_modules/@rollup/rollup-freebsd-x64'
715 silly reify ]
716 verbose reify failed optional dependency /Users/harelamarilio/Desktop/Skills/Special-Project/node_modules/@rollup/rollup-freebsd-arm64
717 silly reify mark deleted [
717 silly reify   '/Users/harelamarilio/Desktop/Skills/Special-Project/node_modules/@rollup/rollup-freebsd-arm64'
717 silly reify ]
718 verbose reify failed optional dependency /Users/harelamarilio/Desktop/Skills/Special-Project/node_modules/@rollup/rollup-darwin-x64
719 silly reify mark deleted [
719 silly reify   '/Users/harelamarilio/Desktop/Skills/Special-Project/node_modules/@rollup/rollup-darwin-x64'
719 silly reify ]
720 verbose reify failed optional dependency /Users/harelamarilio/Desktop/Skills/Special-Project/node_modules/@rollup/rollup-android-arm64
721 silly reify mark deleted [
721 silly reify   '/Users/harelamarilio/Desktop/Skills/Special-Project/node_modules/@rollup/rollup-android-arm64'
721 silly reify ]
722 verbose reify failed optional dependency /Users/harelamarilio/Desktop/Skills/Special-Project/node_modules/@rollup/rollup-android-arm-eabi
723 silly reify mark deleted [
723 silly reify   '/Users/harelamarilio/Desktop/Skills/Special-Project/node_modules/@rollup/rollup-android-arm-eabi'
723 silly reify ]
724 verbose reify failed optional dependency /Users/harelamarilio/Desktop/Skills/Special-Project/node_modules/@esbuild/win32-x64
725 silly reify mark deleted [
725 silly reify   '/Users/harelamarilio/Desktop/Skills/Special-Project/node_modules/@esbuild/win32-x64'
725 silly reify ]
726 verbose reify failed optional dependency /Users/harelamarilio/Desktop/Skills/Special-Project/node_modules/@esbuild/win32-ia32
727 silly reify mark deleted [
727 silly reify   '/Users/harelamarilio/Desktop/Skills/Special-Project/node_modules/@esbuild/win32-ia32'
727 silly reify ]
728 verbose reify failed optional dependency /Users/harelamarilio/Desktop/Skills/Special-Project/node_modules/@esbuild/win32-arm64
729 silly reify mark deleted [
729 silly reify   '/Users/harelamarilio/Desktop/Skills/Special-Project/node_modules/@esbuild/win32-arm64'
729 silly reify ]
730 verbose reify failed optional dependency /Users/harelamarilio/Desktop/Skills/Special-Project/node_modules/@esbuild/sunos-x64
731 silly reify mark deleted [
731 silly reify   '/Users/harelamarilio/Desktop/Skills/Special-Project/node_modules/@esbuild/sunos-x64'
731 silly reify ]
732 verbose reify failed optional dependency /Users/harelamarilio/Desktop/Skills/Special-Project/node_modules/@esbuild/openharmony-arm64
733 silly reify mark deleted [
733 silly reify   '/Users/harelamarilio/Desktop/Skills/Special-Project/node_modules/@esbuild/openharmony-arm64'
733 silly reify ]
734 verbose reify failed optional dependency /Users/harelamarilio/Desktop/Skills/Special-Project/node_modules/@esbuild/openbsd-x64
735 silly reify mark deleted [
735 silly reify   '/Users/harelamarilio/Desktop/Skills/Special-Project/node_modules/@esbuild/openbsd-x64'
735 silly reify ]
736 verbose reify failed optional dependency /Users/harelamarilio/Desktop/Skills/Special-Project/node_modules/@esbuild/openbsd-arm64
737 silly reify mark deleted [
737 silly reify   '/Users/harelamarilio/Desktop/Skills/Special-Project/node_modules/@esbuild/openbsd-arm64'
737 silly reify ]
738 verbose reify failed optional dependency /Users/harelamarilio/Desktop/Skills/Special-Project/node_modules/@esbuild/netbsd-x64
739 silly reify mark deleted [
739 silly reify   '/Users/harelamarilio/Desktop/Skills/Special-Project/node_modules/@esbuild/netbsd-x64'
739 silly reify ]
740 verbose reify failed optional dependency /Users/harelamarilio/Desktop/Skills/Special-Project/node_modules/@esbuild/netbsd-arm64
741 silly reify mark deleted [
741 silly reify   '/Users/harelamarilio/Desktop/Skills/Special-Project/node_modules/@esbuild/netbsd-arm64'
741 silly reify ]
742 verbose reify failed optional dependency /Users/harelamarilio/Desktop/Skills/Special-Project/node_modules/@esbuild/linux-x64
743 silly reify mark deleted [
743 silly reify   '/Users/harelamarilio/Desktop/Skills/Special-Project/node_modules/@esbuild/linux-x64'
743 silly reify ]
744 verbose reify failed optional dependency /Users/harelamarilio/Desktop/Skills/Special-Project/node_modules/@esbuild/linux-s390x
745 silly reify mark deleted [
745 silly reify   '/Users/harelamarilio/Desktop/Skills/Special-Project/node_modules/@esbuild/linux-s390x'
745 silly reify ]
746 verbose reify failed optional dependency /Users/harelamarilio/Desktop/Skills/Special-Project/node_modules/@esbuild/linux-riscv64
747 silly reify mark deleted [
747 silly reify   '/Users/harelamarilio/Desktop/Skills/Special-Project/node_modules/@esbuild/linux-riscv64'
747 silly reify ]
748 verbose reify failed optional dependency /Users/harelamarilio/Desktop/Skills/Special-Project/node_modules/@esbuild/linux-ppc64
749 silly reify mark deleted [
749 silly reify   '/Users/harelamarilio/Desktop/Skills/Special-Project/node_modules/@esbuild/linux-ppc64'
749 silly reify ]
750 verbose reify failed optional dependency /Users/harelamarilio/Desktop/Skills/Special-Project/node_modules/@esbuild/linux-mips64el
751 silly reify mark deleted [
751 silly reify   '/Users/harelamarilio/Desktop/Skills/Special-Project/node_modules/@esbuild/linux-mips64el'
751 silly reify ]
752 verbose reify failed optional dependency /Users/harelamarilio/Desktop/Skills/Special-Project/node_modules/@esbuild/linux-loong64
753 silly reify mark deleted [
753 silly reify   '/Users/harelamarilio/Desktop/Skills/Special-Project/node_modules/@esbuild/linux-loong64'
753 silly reify ]
754 verbose reify failed optional dependency /Users/harelamarilio/Desktop/Skills/Special-Project/node_modules/@esbuild/linux-ia32
755 silly reify mark deleted [
755 silly reify   '/Users/harelamarilio/Desktop/Skills/Special-Project/node_modules/@esbuild/linux-ia32'
755 silly reify ]
756 verbose reify failed optional dependency /Users/harelamarilio/Desktop/Skills/Special-Project/node_modules/@esbuild/linux-arm64
757 silly reify mark deleted [
757 silly reify   '/Users/harelamarilio/Desktop/Skills/Special-Project/node_modules/@esbuild/linux-arm64'
757 silly reify ]
758 verbose reify failed optional dependency /Users/harelamarilio/Desktop/Skills/Special-Project/node_modules/@esbuild/linux-arm
759 silly reify mark deleted [
759 silly reify   '/Users/harelamarilio/Desktop/Skills/Special-Project/node_modules/@esbuild/linux-arm'
759 silly reify ]
760 verbose reify failed optional dependency /Users/harelamarilio/Desktop/Skills/Special-Project/node_modules/@esbuild/freebsd-x64
761 silly reify mark deleted [
761 silly reify   '/Users/harelamarilio/Desktop/Skills/Special-Project/node_modules/@esbuild/freebsd-x64'
761 silly reify ]
762 verbose reify failed optional dependency /Users/harelamarilio/Desktop/Skills/Special-Project/node_modules/@esbuild/freebsd-arm64
763 silly reify mark deleted [
763 silly reify   '/Users/harelamarilio/Desktop/Skills/Special-Project/node_modules/@esbuild/freebsd-arm64'
763 silly reify ]
764 verbose reify failed optional dependency /Users/harelamarilio/Desktop/Skills/Special-Project/node_modules/@esbuild/darwin-x64
765 silly reify mark deleted [
765 silly reify   '/Users/harelamarilio/Desktop/Skills/Special-Project/node_modules/@esbuild/darwin-x64'
765 silly reify ]
766 verbose reify failed optional dependency /Users/harelamarilio/Desktop/Skills/Special-Project/node_modules/@esbuild/android-x64
767 silly reify mark deleted [
767 silly reify   '/Users/harelamarilio/Desktop/Skills/Special-Project/node_modules/@esbuild/android-x64'
767 silly reify ]
768 verbose reify failed optional dependency /Users/harelamarilio/Desktop/Skills/Special-Project/node_modules/@esbuild/android-arm64
769 silly reify mark deleted [
769 silly reify   '/Users/harelamarilio/Desktop/Skills/Special-Project/node_modules/@esbuild/android-arm64'
769 silly reify ]
770 verbose reify failed optional dependency /Users/harelamarilio/Desktop/Skills/Special-Project/node_modules/@esbuild/android-arm
771 silly reify mark deleted [
771 silly reify   '/Users/harelamarilio/Desktop/Skills/Special-Project/node_modules/@esbuild/android-arm'
771 silly reify ]
772 verbose reify failed optional dependency /Users/harelamarilio/Desktop/Skills/Special-Project/node_modules/@esbuild/aix-ppc64
773 silly reify mark deleted [
773 silly reify   '/Users/harelamarilio/Desktop/Skills/Special-Project/node_modules/@esbuild/aix-ppc64'
773 silly reify ]
774 http cache @types/estree@https://registry.npmjs.org/@types/estree/-/estree-1.0.8.tgz 0ms (cache hit)
775 http cache @esbuild/darwin-arm64@https://registry.npmjs.org/@esbuild/darwin-arm64/-/darwin-arm64-0.27.4.tgz 0ms (cache hit)
776 http cache nanoid@https://registry.npmjs.org/nanoid/-/nanoid-3.3.11.tgz 0ms (cache hit)
777 http cache @rollup/rollup-darwin-arm64@https://registry.npmjs.org/@rollup/rollup-darwin-arm64/-/rollup-darwin-arm64-4.60.1.tgz 0ms (cache hit)
778 http cache tinyglobby@https://registry.npmjs.org/tinyglobby/-/tinyglobby-0.2.15.tgz 0ms (cache hit)
779 http cache rollup@https://registry.npmjs.org/rollup/-/rollup-4.60.1.tgz 0ms (cache hit)
780 http cache postcss@https://registry.npmjs.org/postcss/-/postcss-8.5.8.tgz 0ms (cache hit)
781 http cache picomatch@https://registry.npmjs.org/picomatch/-/picomatch-4.0.4.tgz 0ms (cache hit)
782 http cache fsevents@https://registry.npmjs.org/fsevents/-/fsevents-2.3.3.tgz 0ms (cache hit)
783 http cache fdir@https://registry.npmjs.org/fdir/-/fdir-6.5.0.tgz 0ms (cache hit)
784 http cache esbuild@https://registry.npmjs.org/esbuild/-/esbuild-0.27.4.tgz 0ms (cache hit)
785 http cache escalade@https://registry.npmjs.org/escalade/-/escalade-3.2.0.tgz 0ms (cache hit)
786 http cache scheduler@https://registry.npmjs.org/scheduler/-/scheduler-0.27.0.tgz 0ms (cache hit)
787 http cache yallist@https://registry.npmjs.org/yallist/-/yallist-3.1.1.tgz 0ms (cache hit)
788 http cache source-map-js@https://registry.npmjs.org/source-map-js/-/source-map-js-1.2.1.tgz 0ms (cache hit)
789 http cache ms@https://registry.npmjs.org/ms/-/ms-2.1.3.tgz 0ms (cache hit)
790 http cache update-browserslist-db@https://registry.npmjs.org/update-browserslist-db/-/update-browserslist-db-1.2.3.tgz 0ms (cache hit)
791 http cache node-releases@https://registry.npmjs.org/node-releases/-/node-releases-2.0.36.tgz 0ms (cache hit)
792 http cache electron-to-chromium@https://registry.npmjs.org/electron-to-chromium/-/electron-to-chromium-1.5.328.tgz 0ms (cache hit)
793 http cache caniuse-lite@https://registry.npmjs.org/caniuse-lite/-/caniuse-lite-1.0.30001782.tgz 0ms (cache hit)
794 http cache baseline-browser-mapping@https://registry.npmjs.org/baseline-browser-mapping/-/baseline-browser-mapping-2.10.12.tgz 0ms (cache hit)
795 http cache @types/babel__traverse@https://registry.npmjs.org/@types/babel__traverse/-/babel__traverse-7.28.0.tgz 0ms (cache hit)
796 http cache @types/babel__generator@https://registry.npmjs.org/@types/babel__generator/-/babel__generator-7.27.0.tgz 0ms (cache hit)
797 http cache @jridgewell/sourcemap-codec@https://registry.npmjs.org/@jridgewell/sourcemap-codec/-/sourcemap-codec-1.5.5.tgz 0ms (cache hit)
798 http cache @babel/helper-string-parser@https://registry.npmjs.org/@babel/helper-string-parser/-/helper-string-parser-7.27.1.tgz 0ms (cache hit)
799 http cache @babel/helper-globals@https://registry.npmjs.org/@babel/helper-globals/-/helper-globals-7.28.0.tgz 0ms (cache hit)
800 http cache @types/babel__template@https://registry.npmjs.org/@types/babel__template/-/babel__template-7.4.4.tgz 0ms (cache hit)
801 http cache @babel/helper-plugin-utils@https://registry.npmjs.org/@babel/helper-plugin-utils/-/helper-plugin-utils-7.28.6.tgz 0ms (cache hit)
802 http cache browserslist@https://registry.npmjs.org/browserslist/-/browserslist-4.28.1.tgz 0ms (cache hit)
803 http cache lru-cache@https://registry.npmjs.org/lru-cache/-/lru-cache-5.1.1.tgz 0ms (cache hit)
804 http cache @babel/helper-module-imports@https://registry.npmjs.org/@babel/helper-module-imports/-/helper-module-imports-7.28.6.tgz 0ms (cache hit)
805 http cache @babel/helper-validator-option@https://registry.npmjs.org/@babel/helper-validator-option/-/helper-validator-option-7.27.1.tgz 0ms (cache hit)
806 http cache @jridgewell/resolve-uri@https://registry.npmjs.org/@jridgewell/resolve-uri/-/resolve-uri-3.1.2.tgz 0ms (cache hit)
807 http cache @babel/compat-data@https://registry.npmjs.org/@babel/compat-data/-/compat-data-7.29.0.tgz 0ms (cache hit)
808 http cache @jridgewell/trace-mapping@https://registry.npmjs.org/@jridgewell/trace-mapping/-/trace-mapping-0.3.31.tgz 0ms (cache hit)
809 http cache jsesc@https://registry.npmjs.org/jsesc/-/jsesc-3.1.0.tgz 0ms (cache hit)
810 http cache picocolors@https://registry.npmjs.org/picocolors/-/picocolors-1.1.1.tgz 0ms (cache hit)
811 http cache @babel/helper-validator-identifier@https://registry.npmjs.org/@babel/helper-validator-identifier/-/helper-validator-identifier-7.28.5.tgz 0ms (cache hit)
812 http cache js-tokens@https://registry.npmjs.org/js-tokens/-/js-tokens-4.0.0.tgz 0ms (cache hit)
813 http cache semver@https://registry.npmjs.org/semver/-/semver-6.3.1.tgz 0ms (cache hit)
814 http cache gensync@https://registry.npmjs.org/gensync/-/gensync-1.0.0-beta.2.tgz 0ms (cache hit)
815 http cache json5@https://registry.npmjs.org/json5/-/json5-2.2.3.tgz 0ms (cache hit)
816 http cache @jridgewell/gen-mapping@https://registry.npmjs.org/@jridgewell/gen-mapping/-/gen-mapping-0.3.13.tgz 0ms (cache hit)
817 http cache debug@https://registry.npmjs.org/debug/-/debug-4.4.3.tgz 0ms (cache hit)
818 http cache @babel/types@https://registry.npmjs.org/@babel/types/-/types-7.29.0.tgz 0ms (cache hit)
819 http cache convert-source-map@https://registry.npmjs.org/convert-source-map/-/convert-source-map-2.0.0.tgz 0ms (cache hit)
820 http cache @jridgewell/remapping@https://registry.npmjs.org/@jridgewell/remapping/-/remapping-2.3.5.tgz 0ms (cache hit)
821 http cache @babel/template@https://registry.npmjs.org/@babel/template/-/template-7.28.6.tgz 0ms (cache hit)
822 http cache @babel/parser@https://registry.npmjs.org/@babel/parser/-/parser-7.29.2.tgz 0ms (cache hit)
823 http cache @babel/helpers@https://registry.npmjs.org/@babel/helpers/-/helpers-7.29.2.tgz 0ms (cache hit)
824 http cache @babel/helper-module-transforms@https://registry.npmjs.org/@babel/helper-module-transforms/-/helper-module-transforms-7.28.6.tgz 0ms (cache hit)
825 http cache @babel/traverse@https://registry.npmjs.org/@babel/traverse/-/traverse-7.29.0.tgz 0ms (cache hit)
826 http cache @babel/helper-compilation-targets@https://registry.npmjs.org/@babel/helper-compilation-targets/-/helper-compilation-targets-7.28.6.tgz 0ms (cache hit)
827 http cache @babel/code-frame@https://registry.npmjs.org/@babel/code-frame/-/code-frame-7.29.0.tgz 0ms (cache hit)
828 http cache @babel/generator@https://registry.npmjs.org/@babel/generator/-/generator-7.29.1.tgz 0ms (cache hit)
829 http cache @types/babel__core@https://registry.npmjs.org/@types/babel__core/-/babel__core-7.20.5.tgz 0ms (cache hit)
830 http cache @rolldown/pluginutils@https://registry.npmjs.org/@rolldown/pluginutils/-/pluginutils-1.0.0-beta.27.tgz 0ms (cache hit)
831 http cache @babel/plugin-transform-react-jsx-source@https://registry.npmjs.org/@babel/plugin-transform-react-jsx-source/-/plugin-transform-react-jsx-source-7.27.1.tgz 0ms (cache hit)
832 http cache @babel/core@https://registry.npmjs.org/@babel/core/-/core-7.29.0.tgz 0ms (cache hit)
833 http cache @babel/plugin-transform-react-jsx-self@https://registry.npmjs.org/@babel/plugin-transform-react-jsx-self/-/plugin-transform-react-jsx-self-7.27.1.tgz 0ms (cache hit)
834 http cache react-refresh@https://registry.npmjs.org/react-refresh/-/react-refresh-0.17.0.tgz 0ms (cache hit)
835 http cache react-dom@https://registry.npmjs.org/react-dom/-/react-dom-19.2.4.tgz 0ms (cache hit)
836 http cache react@https://registry.npmjs.org/react/-/react-19.2.4.tgz 0ms (cache hit)
837 http cache vite@https://registry.npmjs.org/vite/-/vite-7.3.1.tgz 0ms (cache hit)
838 http cache @vitejs/plugin-react@https://registry.npmjs.org/@vitejs/plugin-react/-/plugin-react-4.7.0.tgz 0ms (cache hit)
839 silly tarball no local data for @types/estree@https://registry.npmjs.org/@types/estree/-/estree-1.0.8.tgz. Extracting by manifest.
840 silly tarball no local data for @esbuild/darwin-arm64@https://registry.npmjs.org/@esbuild/darwin-arm64/-/darwin-arm64-0.27.4.tgz. Extracting by manifest.
841 silly tarball no local data for nanoid@https://registry.npmjs.org/nanoid/-/nanoid-3.3.11.tgz. Extracting by manifest.
842 silly tarball no local data for @rollup/rollup-darwin-arm64@https://registry.npmjs.org/@rollup/rollup-darwin-arm64/-/rollup-darwin-arm64-4.60.1.tgz. Extracting by manifest.
843 silly tarball no local data for tinyglobby@https://registry.npmjs.org/tinyglobby/-/tinyglobby-0.2.15.tgz. Extracting by manifest.
844 silly tarball no local data for rollup@https://registry.npmjs.org/rollup/-/rollup-4.60.1.tgz. Extracting by manifest.
845 silly tarball no local data for postcss@https://registry.npmjs.org/postcss/-/postcss-8.5.8.tgz. Extracting by manifest.
846 silly tarball no local data for picomatch@https://registry.npmjs.org/picomatch/-/picomatch-4.0.4.tgz. Extracting by manifest.
847 silly tarball no local data for fsevents@https://registry.npmjs.org/fsevents/-/fsevents-2.3.3.tgz. Extracting by manifest.
848 silly tarball no local data for fdir@https://registry.npmjs.org/fdir/-/fdir-6.5.0.tgz. Extracting by manifest.
849 silly tarball no local data for esbuild@https://registry.npmjs.org/esbuild/-/esbuild-0.27.4.tgz. Extracting by manifest.
850 silly tarball no local data for escalade@https://registry.npmjs.org/escalade/-/escalade-3.2.0.tgz. Extracting by manifest.
851 silly tarball no local data for scheduler@https://registry.npmjs.org/scheduler/-/scheduler-0.27.0.tgz. Extracting by manifest.
852 silly tarball no local data for yallist@https://registry.npmjs.org/yallist/-/yallist-3.1.1.tgz. Extracting by manifest.
853 silly tarball no local data for source-map-js@https://registry.npmjs.org/source-map-js/-/source-map-js-1.2.1.tgz. Extracting by manifest.
854 silly tarball no local data for ms@https://registry.npmjs.org/ms/-/ms-2.1.3.tgz. Extracting by manifest.
855 silly tarball no local data for update-browserslist-db@https://registry.npmjs.org/update-browserslist-db/-/update-browserslist-db-1.2.3.tgz. Extracting by manifest.
856 silly tarball no local data for node-releases@https://registry.npmjs.org/node-releases/-/node-releases-2.0.36.tgz. Extracting by manifest.
857 silly tarball no local data for electron-to-chromium@https://registry.npmjs.org/electron-to-chromium/-/electron-to-chromium-1.5.328.tgz. Extracting by manifest.
858 silly tarball no local data for caniuse-lite@https://registry.npmjs.org/caniuse-lite/-/caniuse-lite-1.0.30001782.tgz. Extracting by manifest.
859 silly tarball no local data for baseline-browser-mapping@https://registry.npmjs.org/baseline-browser-mapping/-/baseline-browser-mapping-2.10.12.tgz. Extracting by manifest.
860 silly tarball no local data for @types/babel__traverse@https://registry.npmjs.org/@types/babel__traverse/-/babel__traverse-7.28.0.tgz. Extracting by manifest.
861 silly tarball no local data for @types/babel__generator@https://registry.npmjs.org/@types/babel__generator/-/babel__generator-7.27.0.tgz. Extracting by manifest.
862 silly tarball no local data for @jridgewell/sourcemap-codec@https://registry.npmjs.org/@jridgewell/sourcemap-codec/-/sourcemap-codec-1.5.5.tgz. Extracting by manifest.
863 silly tarball no local data for @babel/helper-string-parser@https://registry.npmjs.org/@babel/helper-string-parser/-/helper-string-parser-7.27.1.tgz. Extracting by manifest.
864 silly tarball no local data for @babel/helper-globals@https://registry.npmjs.org/@babel/helper-globals/-/helper-globals-7.28.0.tgz. Extracting by manifest.
865 silly tarball no local data for @types/babel__template@https://registry.npmjs.org/@types/babel__template/-/babel__template-7.4.4.tgz. Extracting by manifest.
866 silly tarball no local data for @babel/helper-plugin-utils@https://registry.npmjs.org/@babel/helper-plugin-utils/-/helper-plugin-utils-7.28.6.tgz. Extracting by manifest.
867 silly tarball no local data for browserslist@https://registry.npmjs.org/browserslist/-/browserslist-4.28.1.tgz. Extracting by manifest.
868 silly tarball no local data for lru-cache@https://registry.npmjs.org/lru-cache/-/lru-cache-5.1.1.tgz. Extracting by manifest.
869 silly tarball no local data for @babel/helper-module-imports@https://registry.npmjs.org/@babel/helper-module-imports/-/helper-module-imports-7.28.6.tgz. Extracting by manifest.
870 silly tarball no local data for @babel/helper-validator-option@https://registry.npmjs.org/@babel/helper-validator-option/-/helper-validator-option-7.27.1.tgz. Extracting by manifest.
871 silly tarball no local data for @jridgewell/resolve-uri@https://registry.npmjs.org/@jridgewell/resolve-uri/-/resolve-uri-3.1.2.tgz. Extracting by manifest.
872 silly tarball no local data for @babel/compat-data@https://registry.npmjs.org/@babel/compat-data/-/compat-data-7.29.0.tgz. Extracting by manifest.
873 silly tarball no local data for @jridgewell/trace-mapping@https://registry.npmjs.org/@jridgewell/trace-mapping/-/trace-mapping-0.3.31.tgz. Extracting by manifest.
874 silly tarball no local data for jsesc@https://registry.npmjs.org/jsesc/-/jsesc-3.1.0.tgz. Extracting by manifest.
875 silly tarball no local data for picocolors@https://registry.npmjs.org/picocolors/-/picocolors-1.1.1.tgz. Extracting by manifest.
876 silly tarball no local data for @babel/helper-validator-identifier@https://registry.npmjs.org/@babel/helper-validator-identifier/-/helper-validator-identifier-7.28.5.tgz. Extracting by manifest.
877 silly tarball no local data for js-tokens@https://registry.npmjs.org/js-tokens/-/js-tokens-4.0.0.tgz. Extracting by manifest.
878 silly tarball no local data for semver@https://registry.npmjs.org/semver/-/semver-6.3.1.tgz. Extracting by manifest.
879 silly tarball no local data for gensync@https://registry.npmjs.org/gensync/-/gensync-1.0.0-beta.2.tgz. Extracting by manifest.
880 silly tarball no local data for json5@https://registry.npmjs.org/json5/-/json5-2.2.3.tgz. Extracting by manifest.
881 silly tarball no local data for @jridgewell/gen-mapping@https://registry.npmjs.org/@jridgewell/gen-mapping/-/gen-mapping-0.3.13.tgz. Extracting by manifest.
882 silly tarball no local data for debug@https://registry.npmjs.org/debug/-/debug-4.4.3.tgz. Extracting by manifest.
883 silly tarball no local data for @babel/types@https://registry.npmjs.org/@babel/types/-/types-7.29.0.tgz. Extracting by manifest.
884 silly tarball no local data for convert-source-map@https://registry.npmjs.org/convert-source-map/-/convert-source-map-2.0.0.tgz. Extracting by manifest.
885 silly tarball no local data for @jridgewell/remapping@https://registry.npmjs.org/@jridgewell/remapping/-/remapping-2.3.5.tgz. Extracting by manifest.
886 silly tarball no local data for @babel/template@https://registry.npmjs.org/@babel/template/-/template-7.28.6.tgz. Extracting by manifest.
887 silly tarball no local data for @babel/parser@https://registry.npmjs.org/@babel/parser/-/parser-7.29.2.tgz. Extracting by manifest.
888 silly tarball no local data for @babel/helpers@https://registry.npmjs.org/@babel/helpers/-/helpers-7.29.2.tgz. Extracting by manifest.
889 silly tarball no local data for @babel/helper-module-transforms@https://registry.npmjs.org/@babel/helper-module-transforms/-/helper-module-transforms-7.28.6.tgz. Extracting by manifest.
890 silly tarball no local data for @babel/traverse@https://registry.npmjs.org/@babel/traverse/-/traverse-7.29.0.tgz. Extracting by manifest.
891 silly tarball no local data for @babel/helper-compilation-targets@https://registry.npmjs.org/@babel/helper-compilation-targets/-/helper-compilation-targets-7.28.6.tgz. Extracting by manifest.
892 silly tarball no local data for @babel/code-frame@https://registry.npmjs.org/@babel/code-frame/-/code-frame-7.29.0.tgz. Extracting by manifest.
893 silly tarball no local data for @babel/generator@https://registry.npmjs.org/@babel/generator/-/generator-7.29.1.tgz. Extracting by manifest.
894 silly tarball no local data for @types/babel__core@https://registry.npmjs.org/@types/babel__core/-/babel__core-7.20.5.tgz. Extracting by manifest.
895 silly tarball no local data for @rolldown/pluginutils@https://registry.npmjs.org/@rolldown/pluginutils/-/pluginutils-1.0.0-beta.27.tgz. Extracting by manifest.
896 silly tarball no local data for @babel/plugin-transform-react-jsx-source@https://registry.npmjs.org/@babel/plugin-transform-react-jsx-source/-/plugin-transform-react-jsx-source-7.27.1.tgz. Extracting by manifest.
897 silly tarball no local data for @babel/core@https://registry.npmjs.org/@babel/core/-/core-7.29.0.tgz. Extracting by manifest.
898 silly tarball no local data for @babel/plugin-transform-react-jsx-self@https://registry.npmjs.org/@babel/plugin-transform-react-jsx-self/-/plugin-transform-react-jsx-self-7.27.1.tgz. Extracting by manifest.
899 silly tarball no local data for react-refresh@https://registry.npmjs.org/react-refresh/-/react-refresh-0.17.0.tgz. Extracting by manifest.
900 silly tarball no local data for react-dom@https://registry.npmjs.org/react-dom/-/react-dom-19.2.4.tgz. Extracting by manifest.
901 silly tarball no local data for react@https://registry.npmjs.org/react/-/react-19.2.4.tgz. Extracting by manifest.
902 silly tarball no local data for vite@https://registry.npmjs.org/vite/-/vite-7.3.1.tgz. Extracting by manifest.
903 silly tarball no local data for @vitejs/plugin-react@https://registry.npmjs.org/@vitejs/plugin-react/-/plugin-react-4.7.0.tgz. Extracting by manifest.
904 http fetch GET 200 https://registry.npmjs.org/nanoid/-/nanoid-3.3.11.tgz 90ms (cache miss)
905 http fetch GET 200 https://registry.npmjs.org/tinyglobby/-/tinyglobby-0.2.15.tgz 90ms (cache miss)
906 http fetch GET 200 https://registry.npmjs.org/@types/estree/-/estree-1.0.8.tgz 93ms (cache miss)
907 http fetch GET 200 https://registry.npmjs.org/ms/-/ms-2.1.3.tgz 140ms (cache miss)
908 http fetch GET 200 https://registry.npmjs.org/update-browserslist-db/-/update-browserslist-db-1.2.3.tgz 143ms (cache miss)
909 http fetch GET 200 https://registry.npmjs.org/source-map-js/-/source-map-js-1.2.1.tgz 177ms (cache miss)
910 http fetch GET 200 https://registry.npmjs.org/node-releases/-/node-releases-2.0.36.tgz 202ms (cache miss)
911 http fetch GET 200 https://registry.npmjs.org/esbuild/-/esbuild-0.27.4.tgz 240ms (cache miss)
912 http fetch GET 200 https://registry.npmjs.org/electron-to-chromium/-/electron-to-chromium-1.5.328.tgz 250ms (cache miss)
913 http fetch GET 200 https://registry.npmjs.org/picomatch/-/picomatch-4.0.4.tgz 274ms (cache miss)
914 http fetch GET 200 https://registry.npmjs.org/escalade/-/escalade-3.2.0.tgz 292ms (cache miss)
915 http fetch GET 200 https://registry.npmjs.org/yallist/-/yallist-3.1.1.tgz 292ms (cache miss)
916 http fetch POST 200 https://registry.npmjs.org/-/npm/v1/security/advisories/bulk 322ms
917 silly audit report {}
918 http fetch GET 200 https://registry.npmjs.org/scheduler/-/scheduler-0.27.0.tgz 300ms (cache miss)
919 http fetch GET 200 https://registry.npmjs.org/fdir/-/fdir-6.5.0.tgz 300ms (cache miss)
920 http fetch GET 200 https://registry.npmjs.org/postcss/-/postcss-8.5.8.tgz 304ms (cache miss)
921 http fetch GET 200 https://registry.npmjs.org/fsevents/-/fsevents-2.3.3.tgz 312ms (cache miss)
922 http fetch GET 200 https://registry.npmjs.org/@types/babel__generator/-/babel__generator-7.27.0.tgz 412ms (cache miss)
923 http fetch GET 200 https://registry.npmjs.org/baseline-browser-mapping/-/baseline-browser-mapping-2.10.12.tgz 413ms (cache miss)
924 http fetch GET 200 https://registry.npmjs.org/@types/babel__traverse/-/babel__traverse-7.28.0.tgz 416ms (cache miss)
925 http fetch GET 200 https://registry.npmjs.org/browserslist/-/browserslist-4.28.1.tgz 428ms (cache miss)
926 http fetch GET 200 https://registry.npmjs.org/lru-cache/-/lru-cache-5.1.1.tgz 428ms (cache miss)
927 http fetch GET 200 https://registry.npmjs.org/@types/babel__template/-/babel__template-7.4.4.tgz 430ms (cache miss)
928 http fetch GET 200 https://registry.npmjs.org/@babel/helper-globals/-/helper-globals-7.28.0.tgz 431ms (cache miss)
929 http fetch GET 200 https://registry.npmjs.org/@babel/helper-string-parser/-/helper-string-parser-7.27.1.tgz 433ms (cache miss)
930 http fetch GET 200 https://registry.npmjs.org/@jridgewell/sourcemap-codec/-/sourcemap-codec-1.5.5.tgz 439ms (cache miss)
931 http fetch GET 200 https://registry.npmjs.org/@babel/helper-module-imports/-/helper-module-imports-7.28.6.tgz 448ms (cache miss)
932 http fetch GET 200 https://registry.npmjs.org/@babel/helper-plugin-utils/-/helper-plugin-utils-7.28.6.tgz 480ms (cache miss)
933 http fetch GET 200 https://registry.npmjs.org/picocolors/-/picocolors-1.1.1.tgz 547ms (cache miss)
934 http fetch GET 200 https://registry.npmjs.org/js-tokens/-/js-tokens-4.0.0.tgz 557ms (cache miss)
935 http fetch GET 200 https://registry.npmjs.org/jsesc/-/jsesc-3.1.0.tgz 568ms (cache miss)
936 http fetch GET 200 https://registry.npmjs.org/@babel/helper-validator-option/-/helper-validator-option-7.27.1.tgz 587ms (cache miss)
937 http fetch GET 200 https://registry.npmjs.org/semver/-/semver-6.3.1.tgz 585ms (cache miss)
938 http fetch GET 200 https://registry.npmjs.org/@babel/helper-validator-identifier/-/helper-validator-identifier-7.28.5.tgz 586ms (cache miss)
939 http fetch GET 200 https://registry.npmjs.org/@babel/compat-data/-/compat-data-7.29.0.tgz 588ms (cache miss)
940 http fetch GET 200 https://registry.npmjs.org/@jridgewell/resolve-uri/-/resolve-uri-3.1.2.tgz 624ms (cache miss)
941 http fetch GET 200 https://registry.npmjs.org/@jridgewell/trace-mapping/-/trace-mapping-0.3.31.tgz 634ms (cache miss)
942 http fetch GET 200 https://registry.npmjs.org/gensync/-/gensync-1.0.0-beta.2.tgz 647ms (cache miss)
943 http fetch GET 200 https://registry.npmjs.org/json5/-/json5-2.2.3.tgz 714ms (cache miss)
944 http fetch GET 200 https://registry.npmjs.org/convert-source-map/-/convert-source-map-2.0.0.tgz 905ms (cache miss)
945 http fetch GET 200 https://registry.npmjs.org/debug/-/debug-4.4.3.tgz 910ms (cache miss)
946 http fetch GET 200 https://registry.npmjs.org/@jridgewell/gen-mapping/-/gen-mapping-0.3.13.tgz 913ms (cache miss)
947 http fetch GET 200 https://registry.npmjs.org/@babel/template/-/template-7.28.6.tgz 915ms (cache miss)
948 http fetch GET 200 https://registry.npmjs.org/caniuse-lite/-/caniuse-lite-1.0.30001782.tgz 937ms (cache miss)
949 http fetch GET 200 https://registry.npmjs.org/@babel/helper-compilation-targets/-/helper-compilation-targets-7.28.6.tgz 1057ms (cache miss)
950 http fetch GET 200 https://registry.npmjs.org/@jridgewell/remapping/-/remapping-2.3.5.tgz 1127ms (cache miss)
951 http fetch GET 200 https://registry.npmjs.org/@types/babel__core/-/babel__core-7.20.5.tgz 1324ms (cache miss)
952 http fetch GET 200 https://registry.npmjs.org/@rolldown/pluginutils/-/pluginutils-1.0.0-beta.27.tgz 1348ms (cache miss)
953 http fetch GET 200 https://registry.npmjs.org/@babel/plugin-transform-react-jsx-source/-/plugin-transform-react-jsx-source-7.27.1.tgz 1348ms (cache miss)
954 http fetch GET 200 https://registry.npmjs.org/@babel/helper-module-transforms/-/helper-module-transforms-7.28.6.tgz 1447ms (cache miss)
955 http fetch GET 200 https://registry.npmjs.org/@babel/generator/-/generator-7.29.1.tgz 1481ms (cache miss)
956 http fetch GET 200 https://registry.npmjs.org/@babel/code-frame/-/code-frame-7.29.0.tgz 1552ms (cache miss)
957 http fetch GET 200 https://registry.npmjs.org/react-refresh/-/react-refresh-0.17.0.tgz 1932ms (cache miss)
958 http fetch GET 200 https://registry.npmjs.org/@babel/plugin-transform-react-jsx-self/-/plugin-transform-react-jsx-self-7.27.1.tgz 1941ms (cache miss)
959 http fetch GET 200 https://registry.npmjs.org/react/-/react-19.2.4.tgz 1962ms (cache miss)
960 http fetch GET 200 https://registry.npmjs.org/@babel/traverse/-/traverse-7.29.0.tgz 1965ms (cache miss)
961 http fetch GET 200 https://registry.npmjs.org/@babel/helpers/-/helpers-7.29.2.tgz 2079ms (cache miss)
962 http fetch GET 200 https://registry.npmjs.org/@vitejs/plugin-react/-/plugin-react-4.7.0.tgz 2077ms (cache miss)
963 http fetch GET 200 https://registry.npmjs.org/@babel/parser/-/parser-7.29.2.tgz 2194ms (cache miss)
964 http fetch GET 200 https://registry.npmjs.org/@babel/types/-/types-7.29.0.tgz 2228ms (cache miss)
965 http fetch GET 200 https://registry.npmjs.org/@babel/core/-/core-7.29.0.tgz 2249ms (cache miss)
966 http fetch GET 200 https://registry.npmjs.org/rollup/-/rollup-4.60.1.tgz 3739ms (cache miss)
967 http fetch GET 200 https://registry.npmjs.org/vite/-/vite-7.3.1.tgz 3979ms (cache miss)
968 http fetch GET 200 https://registry.npmjs.org/@rollup/rollup-darwin-arm64/-/rollup-darwin-arm64-4.60.1.tgz 4166ms (cache miss)
969 http fetch GET 200 https://registry.npmjs.org/react-dom/-/react-dom-19.2.4.tgz 5869ms (cache miss)
970 http fetch GET 200 https://registry.npmjs.org/@esbuild/darwin-arm64/-/darwin-arm64-0.27.4.tgz 10536ms (cache miss)
971 info run fsevents@2.3.3 install node_modules/fsevents node-gyp rebuild
972 info run fsevents@2.3.3 install { code: 1, signal: null }
973 verbose reify failed optional dependency /Users/harelamarilio/Desktop/Skills/Special-Project/node_modules/fsevents
974 silly reify mark deleted [
974 silly reify   '/Users/harelamarilio/Desktop/Skills/Special-Project/node_modules/fsevents'
974 silly reify ]
975 info run esbuild@0.27.4 postinstall node_modules/esbuild node install.js
976 info run esbuild@0.27.4 postinstall { code: 0, signal: null }
977 silly ADD node_modules/@types/estree
978 silly ADD node_modules/@rollup/rollup-win32-x64-msvc
979 silly ADD node_modules/@rollup/rollup-win32-x64-gnu
980 silly ADD node_modules/@rollup/rollup-win32-ia32-msvc
981 silly ADD node_modules/@rollup/rollup-win32-arm64-msvc
982 silly ADD node_modules/@rollup/rollup-openharmony-arm64
983 silly ADD node_modules/@rollup/rollup-openbsd-x64
984 silly ADD node_modules/@rollup/rollup-linux-x64-musl
985 silly ADD node_modules/@rollup/rollup-linux-x64-gnu
986 silly ADD node_modules/@rollup/rollup-linux-s390x-gnu
987 silly ADD node_modules/@rollup/rollup-linux-riscv64-musl
988 silly ADD node_modules/@rollup/rollup-linux-riscv64-gnu
989 silly ADD node_modules/@rollup/rollup-linux-ppc64-musl
990 silly ADD node_modules/@rollup/rollup-linux-ppc64-gnu
991 silly ADD node_modules/@rollup/rollup-linux-loong64-musl
992 silly ADD node_modules/@rollup/rollup-linux-loong64-gnu
993 silly ADD node_modules/@rollup/rollup-linux-arm64-musl
994 silly ADD node_modules/@rollup/rollup-linux-arm64-gnu
995 silly ADD node_modules/@rollup/rollup-linux-arm-musleabihf
996 silly ADD node_modules/@rollup/rollup-linux-arm-gnueabihf
997 silly ADD node_modules/@rollup/rollup-freebsd-x64
998 silly ADD node_modules/@rollup/rollup-freebsd-arm64
999 silly ADD node_modules/@rollup/rollup-darwin-x64
1000 silly ADD node_modules/@rollup/rollup-darwin-arm64
1001 silly ADD node_modules/@rollup/rollup-android-arm64
1002 silly ADD node_modules/@rollup/rollup-android-arm-eabi
1003 silly ADD node_modules/source-map-js
1004 silly ADD node_modules/nanoid
1005 silly ADD node_modules/@esbuild/win32-x64
1006 silly ADD node_modules/@esbuild/win32-ia32
1007 silly ADD node_modules/@esbuild/win32-arm64
1008 silly ADD node_modules/@esbuild/sunos-x64
1009 silly ADD node_modules/@esbuild/openharmony-arm64
1010 silly ADD node_modules/@esbuild/openbsd-x64
1011 silly ADD node_modules/@esbuild/openbsd-arm64
1012 silly ADD node_modules/@esbuild/netbsd-x64
1013 silly ADD node_modules/@esbuild/netbsd-arm64
1014 silly ADD node_modules/@esbuild/linux-x64
1015 silly ADD node_modules/@esbuild/linux-s390x
1016 silly ADD node_modules/@esbuild/linux-riscv64
1017 silly ADD node_modules/@esbuild/linux-ppc64
1018 silly ADD node_modules/@esbuild/linux-mips64el
1019 silly ADD node_modules/@esbuild/linux-loong64
1020 silly ADD node_modules/@esbuild/linux-ia32
1021 silly ADD node_modules/@esbuild/linux-arm64
1022 silly ADD node_modules/@esbuild/linux-arm
1023 silly ADD node_modules/@esbuild/freebsd-x64
1024 silly ADD node_modules/@esbuild/freebsd-arm64
1025 silly ADD node_modules/@esbuild/darwin-x64
1026 silly ADD node_modules/@esbuild/darwin-arm64
1027 silly ADD node_modules/@esbuild/android-x64
1028 silly ADD node_modules/@esbuild/android-arm64
1029 silly ADD node_modules/@esbuild/android-arm
1030 silly ADD node_modules/@esbuild/aix-ppc64
1031 silly ADD node_modules/tinyglobby
1032 silly ADD node_modules/rollup
1033 silly ADD node_modules/postcss
1034 silly ADD node_modules/picomatch
1035 silly ADD node_modules/fsevents
1036 silly ADD node_modules/fdir
1037 silly ADD node_modules/esbuild
1038 silly ADD node_modules/escalade
1039 silly ADD node_modules/scheduler
1040 silly ADD node_modules/yallist
1041 silly ADD node_modules/ms
1042 silly ADD node_modules/update-browserslist-db
1043 silly ADD node_modules/node-releases
1044 silly ADD node_modules/electron-to-chromium
1045 silly ADD node_modules/caniuse-lite
1046 silly ADD node_modules/baseline-browser-mapping
1047 silly ADD node_modules/@types/babel__traverse
1048 silly ADD node_modules/@types/babel__template
1049 silly ADD node_modules/@types/babel__generator
1050 silly ADD node_modules/@jridgewell/resolve-uri
1051 silly ADD node_modules/@jridgewell/sourcemap-codec
1052 silly ADD node_modules/@babel/helper-string-parser
1053 silly ADD node_modules/@babel/helper-globals
1054 silly ADD node_modules/@babel/helper-plugin-utils
1055 silly ADD node_modules/@babel/helper-module-imports
1056 silly ADD node_modules/lru-cache
1057 silly ADD node_modules/browserslist
1058 silly ADD node_modules/@babel/helper-validator-option
1059 silly ADD node_modules/@babel/compat-data
1060 silly ADD node_modules/jsesc
1061 silly ADD node_modules/@jridgewell/trace-mapping
1062 silly ADD node_modules/@jridgewell/gen-mapping
1063 silly ADD node_modules/picocolors
1064 silly ADD node_modules/js-tokens
1065 silly ADD node_modules/@babel/helper-validator-identifier
1066 silly ADD node_modules/semver
1067 silly ADD node_modules/json5
1068 silly ADD node_modules/gensync
1069 silly ADD node_modules/debug
1070 silly ADD node_modules/convert-source-map
1071 silly ADD node_modules/@jridgewell/remapping
1072 silly ADD node_modules/@babel/types
1073 silly ADD node_modules/@babel/traverse
1074 silly ADD node_modules/@babel/template
1075 silly ADD node_modules/@babel/parser
1076 silly ADD node_modules/@babel/helpers
1077 silly ADD node_modules/@babel/helper-module-transforms
1078 silly ADD node_modules/@babel/helper-compilation-targets
1079 silly ADD node_modules/@babel/generator
1080 silly ADD node_modules/@babel/code-frame
1081 silly ADD node_modules/react-refresh
1082 silly ADD node_modules/@types/babel__core
1083 silly ADD node_modules/@rolldown/pluginutils
1084 silly ADD node_modules/@babel/plugin-transform-react-jsx-source
1085 silly ADD node_modules/@babel/plugin-transform-react-jsx-self
1086 silly ADD node_modules/@babel/core
1087 silly ADD node_modules/react-dom
1088 silly ADD node_modules/react
1089 silly ADD node_modules/vite
1090 silly ADD node_modules/@vitejs/plugin-react
1091 verbose cwd /Users/harelamarilio/Desktop/Skills/Special-Project
1092 verbose os Darwin 25.0.0
1093 verbose node v24.11.0
1094 verbose npm  v11.6.1
1095 verbose exit 0
1096 info ok
